,id,gender,gender_coded,batch,batch_coded,avg_internet_usage,avg_internet_usage_coded,usage_type,usage_type_coded,iat_1,iat_2,iat_3,iat_4,iat_5,iat_6,iat_7,iat_8,iat_9,iat_10,iat_11,iat_12,iat_13,iat_14,iat_15,iat_16,iat_17,iat_18,iat_19,iat_20,iat_score,iat_score_range,iat_range_coded,salience_score,salience_round,salience_domain,excessive_use_score,excessive_use_round,excessive_use_domain,neglect_work_score,neglect_work_round,neglect_work_domain,anticipation_score,anticipation_round,anticipation_domain,lack_of_control_score,lack_of_control_round,lack_of_control_domain,neglect_social_life_score,neglect_social_life_round,neglect_social_life_domain,qol_1,qol_2,qol_3,qol_3_rev,qol_4,qol_4_rev,qol_5,qol_6,qol_7,qol_8,qol_9,qol_10,qol_11,qol_12,qol_13,qol_14,qol_15,qol_16,qol_17,qol_18,qol_19,qol_20,qol_21,qol_22,qol_23,qol_24,qol_25,qol_26,qol_26_rev,qol_score,qol_score_range,qol_range_coded,physical_score_raw,physical_score,physical_domain_round,physical_domain_range,psychological_score_raw,psychological_score,psychological_domain_round,psychological_domain_range,social_score_raw,social_score,social_domain_round,social_domain_range,environment_score_raw,environment_score,environment_domain_round,environment_domain_range,avg_pre_covid_use,avg_pre_covid_use_coded,avg_post_covid_use,avg_post_covid_use_coded,change_in_usage,change_in_usage_coded
0,17/20,Female,1,Final yr,1,6 to 8 hours per day,4,Online lecture Marrow,8,2,2,0,1,2,2,1,2,3,1,3,2,3,3,1,2,1,2,1,2,36,31-49 (mild level of Internet addiction),2,1.6,2,OCCASIONALLY,2.2,2,OCCASIONALLY,2.333333333,2,OCCASIONALLY,2.0,2,OCCASIONALLY,1.666666667,2,OCCASIONALLY,0.5,1,RARELY,3,1,3,3.0,1,5,3,3,3,3,2,3,4,4,3,2,3,2,3,4,3,1,5,2,3,4,2,4,2,76,76-100,4,23,13.14285714,13,13-16,18,12.0,12,9-12,8,10.66666667,11,9-12,23,11.5,12,9-12,4 to 6 hrs per day,3,6 to 8 hrs per day,4,INCREASED,1
1,17/1,Female,1,Final yr,1,4 to 6 hours per day,3,Online learning,1,3,3,0,0,1,0,0,0,0,0,0,0,0,0,0,0,1,0,0,0,8,0-30 (normal level of Internet usage),1,0.0,0,,1.2,1,RARELY,0.0,0,,0.0,0,,0.6666666667,1,RARELY,0.0,0,,5,5,5,1.0,5,1,5,5,5,5,5,5,5,5,5,5,5,5,5,5,5,1,1,5,5,5,5,1,5,118,101-130,5,31,17.71428571,18,17-20,30,20.0,20,17-20,7,9.333333333,9,9-12,40,20.0,20,17-20,8 or more hrs per day,5,8 or more hrs per day,5,NO CHANGE,3
2,17/10,Female,1,Final yr,1,more than 8 hours per day,5,Online learning,1,3,1,0,0,1,0,3,2,3,2,0,1,0,0,0,0,0,0,0,0,16,0-30 (normal level of Internet usage),1,0.6,1,RARELY,0.8,1,RARELY,1.666666667,2,OCCASIONALLY,1.5,2,OCCASIONALLY,0.3333333333,0,,0.0,0,,5,5,3,3.0,3,3,5,5,3,2,4,5,1,2,2,2,2,5,4,5,4,5,2,5,3,5,2,3,3,92,76-100,4,27,15.42857143,15,13-16,21,14.0,14,13-16,12,16.0,16,13-16,22,11.0,11,9-12,6 to 8 hrs per day,4,4 to 6 hrs per day,3,DECREASED,2
3,17/11,Female,1,Final yr,1,6 to 8 hours per day,4,Online learning,1,2,0,0,0,1,1,2,0,2,1,3,0,1,2,3,4,4,3,2,2,33,31-49 (mild level of Internet addiction),2,1.4,1,RARELY,1.8,2,OCCASIONALLY,1.0,1,RARELY,2.5,3,FREQUENTLY,3.0,3,FREQUENTLY,0.0,0,,3,3,4,2.0,1,5,4,3,3,3,3,3,3,3,5,3,2,4,4,4,4,2,1,3,3,4,4,4,2,85,76-100,4,26,14.85714286,15,13-16,19,12.66666667,13,13-16,6,8.0,8,4-8,28,14.0,14,13-16,2 to 4 hrs per day,2,8 or more hrs per day,5,INCREASED,1
4,17/12,Female,1,Final yr,1,6 to 8 hours per day,4,Online learning,1,4,3,0,1,4,1,4,1,3,3,3,3,4,4,4,4,3,4,3,4,60,50-79 (moderate level of Internet addiction),3,3.4,3,FREQUENTLY,3.8,4,OFTEN,1.666666667,2,OCCASIONALLY,3.5,4,OFTEN,3.666666667,4,OFTEN,0.5,1,RARELY,3,3,4,2.0,3,3,4,3,4,3,3,3,3,4,3,4,3,3,3,4,3,4,3,4,3,3,3,3,3,86,76-100,4,23,13.14285714,13,13-16,20,13.33333333,13,13-16,11,14.66666667,15,13-16,26,13.0,13,13-16,4 to 6 hrs per day,3,6 to 8 hrs per day,4,INCREASED,1
5,17/13,Female,1,Final yr,1,6 to 8 hours per day,4,Communication,7,4,4,0,0,4,3,1,3,0,2,2,2,1,2,2,2,3,2,2,2,41,31-49 (mild level of Internet addiction),2,1.8,2,OCCASIONALLY,2.8,3,FREQUENTLY,2.0,2,OCCASIONALLY,1.5,2,OCCASIONALLY,3.0,3,FREQUENTLY,0.0,0,,4,5,3,3.0,2,4,5,4,3,3,5,4,4,4,4,3,3,4,4,4,4,3,1,4,4,4,5,2,4,99,76-100,4,26,14.85714286,15,13-16,24,16.0,16,13-16,8,10.66666667,11,9-12,32,16.0,16,13-16,4 to 6 hrs per day,3,2 to 4 hrs per day,2,DECREASED,2
6,17/16,Female,1,Final yr,1,4 to 6 hours per day,3,Online learning,1,3,1,0,3,1,3,0,3,0,2,2,1,0,3,0,3,5,0,0,0,30,0-30 (normal level of Internet usage),1,0.6,1,RARELY,1.4,1,RARELY,2.0,2,OCCASIONALLY,1.0,1,RARELY,3.0,3,FREQUENTLY,1.5,2,OCCASIONALLY,4,3,2,4.0,1,5,5,5,4,5,4,4,2,4,4,4,5,4,3,3,5,5,5,5,4,5,5,2,4,108,101-130,5,26,14.85714286,15,13-16,25,16.66666667,17,17-20,15,20.0,20,17-20,35,17.5,18,17-20,6 to 8 hrs per day,4,4 to 6 hrs per day,3,DECREASED,2
7,17/17,Female,1,Final yr,1,2 to 4 hours per day,2,Communication,7,5,2,0,0,1,0,1,1,1,3,2,2,1,0,0,2,5,0,1,0,27,0-30 (normal level of Internet usage),1,1.4,1,RARELY,1.4,1,RARELY,0.6666666667,1,RARELY,1.5,2,OCCASIONALLY,2.666666667,3,FREQUENTLY,0.0,0,,4,4,1,5.0,1,5,5,5,4,4,5,4,5,4,5,4,4,5,5,5,5,4,1,5,5,5,5,2,4,112,101-130,5,29,16.57142857,17,17-20,28,18.66666667,19,17-20,10,13.33333333,13,13-16,37,18.5,19,17-20,0 to 2 hrs per day,1,2 to 4 hrs per day,2,INCREASED,1
8,17/19,Female,1,Final yr,1,2 to 4 hours per day,2,Streaming services/ Entertainment,8,4,3,0,0,3,3,5,3,1,2,1,0,1,4,1,3,3,2,2,2,43,31-49 (mild level of Internet addiction),2,1.2,1,RARELY,3.0,3,FREQUENTLY,2.333333333,2,OCCASIONALLY,3.0,3,FREQUENTLY,3.0,3,FREQUENTLY,0.0,0,,3,4,2,4.0,1,5,2,3,3,4,4,4,4,4,5,2,2,3,3,3,3,3,3,3,3,5,3,2,4,87,76-100,4,22,12.57142857,13,13-16,19,12.66666667,13,13-16,9,12.0,12,9-12,30,15.0,15,13-16,6 to 8 hrs per day,4,8 or more hrs per day,5,INCREASED,1
9,17/21,Female,1,Final yr,1,0 to 2 hours per day,1,Online learning,1,3,1,0,1,1,1,3,1,1,2,2,1,1,2,1,2,1,1,3,1,29,0-30 (normal level of Internet usage),1,1.6,2,OCCASIONALLY,1.6,2,OCCASIONALLY,1.0,1,RARELY,2.5,3,FREQUENTLY,1.333333333,1,RARELY,0.5,1,RARELY,3,4,2,4.0,1,5,4,4,4,4,4,4,4,5,5,3,3,3,4,4,4,4,3,1,5,3,3,3,3,95,76-100,4,25,14.28571429,14,13-16,23,15.33333333,15,13-16,8,10.66666667,11,9-12,32,16.0,16,13-16,0 to 2 hrs per day,1,0 to 2 hrs per day,1,NO CHANGE,3
10,17/22,Female,1,Final yr,1,2 to 4 hours per day,2,Information gathering for academic purposes,4,4,1,0,0,0,1,0,1,1,1,1,1,0,1,0,1,1,2,0,0,16,0-30 (normal level of Internet usage),1,0.4,0,,1.6,2,OCCASIONALLY,1.0,1,RARELY,0.5,1,RARELY,0.6666666667,1,RARELY,0.0,0,,5,4,1,5.0,1,5,5,5,3,4,4,4,4,4,5,3,4,5,5,5,5,5,5,5,5,5,5,1,5,115,101-130,5,29,16.57142857,17,17-20,27,18.0,18,17-20,15,20.0,20,17-20,35,17.5,18,17-20,2 to 4 hrs per day,2,2 to 4 hrs per day,2,NO CHANGE,3
11,17/24,Female,1,Final yr,1,6 to 8 hours per day,4,Streaming services/ Entertainment,8,3,1,0,4,1,3,3,3,1,3,1,1,0,0,0,1,2,0,2,0,29,0-30 (normal level of Internet usage),1,1.2,1,RARELY,0.8,1,RARELY,2.333333333,2,OCCASIONALLY,2.0,2,OCCASIONALLY,1.333333333,1,RARELY,2.0,2,OCCASIONALLY,4,3,3,3.0,4,2,3,2,3,2,3,3,4,3,4,3,3,2,3,3,2,2,4,4,3,4,4,5,1,77,76-100,4,19,10.85714286,11,9-12,15,10.0,10,9-12,10,13.33333333,13,13-16,26,13.0,13,13-16,4 to 6 hrs per day,3,6 to 8 hrs per day,4,INCREASED,1
12,17/25,Female,1,Final yr,1,2 to 4 hours per day,2,Dhruv rathi videos,8,2,2,2,2,2,2,1,2,2,2,2,2,3,2,2,2,2,2,2,2,40,31-49 (mild level of Internet addiction),2,2.2,2,OCCASIONALLY,2.0,2,OCCASIONALLY,2.0,2,OCCASIONALLY,1.5,2,OCCASIONALLY,2.0,2,OCCASIONALLY,2.0,2,OCCASIONALLY,5,5,1,5.0,1,5,5,5,4,4,5,5,5,4,4,4,4,5,5,5,5,5,4,4,4,5,5,5,1,113,101-130,5,30,17.14285714,17,17-20,25,16.66666667,17,17-20,13,17.33333333,17,17-20,35,17.5,18,17-20,4 to 6 hrs per day,3,2 to 4 hrs per day,2,DECREASED,2
13,17/26,Female,1,Final yr,1,4 to 6 hours per day,3,Online learning,1,1,1,0,0,1,0,3,0,0,0,0,2,1,1,0,0,0,0,0,0,10,0-30 (normal level of Internet usage),1,0.6,1,RARELY,0.6,1,RARELY,0.0,0,,1.5,2,OCCASIONALLY,0.3333333333,0,,0.0,0,,4,4,2,4.0,1,5,5,5,4,4,4,4,5,5,4,4,5,4,4,4,5,5,1,5,5,5,4,1,5,111,101-130,5,28,16.0,16,13-16,29,19.33333333,19,17-20,11,14.66666667,15,13-16,35,17.5,18,17-20,2 to 4 hrs per day,2,4 to 6 hrs per day,3,INCREASED,1
14,17/33,Female,1,Final yr,1,more than 8 hours per day,5,Marrow and Netflix,8,1,1,1,2,0,0,0,0,1,0,0,1,0,2,0,2,2,1,0,0,14,0-30 (normal level of Internet usage),1,0.2,0,,1.0,1,RARELY,0.3333333333,0,,0.0,0,,1.333333333,1,RARELY,1.5,2,OCCASIONALLY,4,4,2,4.0,1,5,5,5,4,5,3,3,3,3,2,4,3,3,4,5,5,3,5,5,3,5,5,3,3,101,101-130,5,25,14.28571429,14,13-16,25,16.66666667,17,17-20,13,17.33333333,17,17-20,30,15.0,15,13-16,4 to 6 hrs per day,3,8 or more hrs per day,5,INCREASED,1
15,17/38,Female,1,Final yr,1,4 to 6 hours per day,3,Online learning,1,3,2,0,1,1,2,3,2,1,3,2,2,0,2,1,3,3,2,1,2,36,31-49 (mild level of Internet addiction),2,1.4,1,RARELY,2.2,2,OCCASIONALLY,1.666666667,2,OCCASIONALLY,2.5,3,FREQUENTLY,2.333333333,2,OCCASIONALLY,0.5,1,RARELY,3,3,2,4.0,1,5,3,2,3,4,3,4,2,4,4,3,2,2,3,3,3,4,4,4,1,3,5,3,3,82,76-100,4,21,12.0,12,9-12,16,10.66666667,11,9-12,12,16.0,16,13-16,27,13.5,14,13-16,4 to 6 hrs per day,3,4 to 6 hrs per day,3,NO CHANGE,3
16,17/39,Female,1,Final yr,1,6 to 8 hours per day,4,Online learning,1,4,4,0,0,1,1,1,1,1,4,2,2,1,4,3,3,3,4,3,1,43,31-49 (mild level of Internet addiction),2,2.6,3,FREQUENTLY,3.4,3,FREQUENTLY,1.0,1,RARELY,1.5,2,OCCASIONALLY,2.333333333,2,OCCASIONALLY,0.0,0,,4,4,1,5.0,1,5,4,4,4,4,4,4,4,2,4,2,3,4,4,4,4,4,2,2,3,3,3,3,3,89,76-100,4,25,14.28571429,14,13-16,23,15.33333333,15,13-16,8,10.66666667,11,9-12,25,12.5,13,13-16,6 to 8 hrs per day,4,6 to 8 hrs per day,4,NO CHANGE,3
17,17/4,Female,1,Final yr,1,4 to 6 hours per day,3,Online learning,1,5,5,1,4,3,5,3,5,1,1,1,1,1,1,1,5,5,1,1,1,51,50-79 (moderate level of Internet addiction),3,1.0,1,RARELY,2.6,3,FREQUENTLY,3.666666667,4,OFTEN,2.0,2,OCCASIONALLY,4.333333333,4,OFTEN,2.5,3,FREQUENTLY,4,4,2,4.0,1,5,5,4,3,5,5,5,5,5,5,5,5,5,5,5,5,2,5,4,5,5,5,5,1,114,101-130,5,32,18.28571429,18,17-20,23,15.33333333,15,13-16,11,14.66666667,15,13-16,40,20.0,20,17-20,4 to 6 hrs per day,3,6 to 8 hrs per day,4,INCREASED,1
18,17/40,Female,1,Final yr,1,more than 8 hours per day,5,Streaming services/ Entertainment,8,5,4,3,1,3,2,0,2,1,4,2,2,2,2,3,4,4,0,3,2,49,31-49 (mild level of Internet addiction),2,2.8,3,FREQUENTLY,2.6,3,FREQUENTLY,1.666666667,2,OCCASIONALLY,1.0,1,RARELY,3.666666667,4,OFTEN,2.0,2,OCCASIONALLY,5,4,1,5.0,1,5,4,4,3,5,4,5,4,5,5,4,5,5,5,5,5,5,1,5,5,5,5,2,4,113,101-130,5,31,17.71428571,18,17-20,24,16.0,16,13-16,11,14.66666667,15,13-16,38,19.0,19,17-20,8 or more hrs per day,5,6 to 8 hrs per day,4,DECREASED,2
19,17/41,Female,1,Final yr,1,2 to 4 hours per day,2,Online learning,1,4,1,4,0,1,0,1,0,0,4,3,5,1,3,0,4,4,1,5,0,41,31-49 (mild level of Internet addiction),2,3.0,3,FREQUENTLY,1.8,2,OCCASIONALLY,0.0,0,,2.0,2,OCCASIONALLY,3.0,3,FREQUENTLY,2.0,2,OCCASIONALLY,4,1,5,1.0,5,1,1,2,4,3,1,1,2,4,5,2,1,1,2,2,1,1,1,3,4,5,4,4,2,63,51-75,3,13,7.428571429,7,4-8,12,8.0,8,4-8,5,6.666666667,7,4-8,28,14.0,14,13-16,0 to 2 hrs per day,1,2 to 4 hrs per day,2,INCREASED,1
20,17/45,Female,1,Final yr,1,4 to 6 hours per day,3,Online learning,1,2,1,0,0,1,1,1,2,1,1,1,2,1,1,1,1,1,1,1,1,21,0-30 (normal level of Internet usage),1,1.2,1,RARELY,1.2,1,RARELY,1.333333333,1,RARELY,1.0,1,RARELY,1.0,1,RARELY,0.0,0,,4,4,2,4.0,2,4,4,4,4,4,4,4,5,5,5,3,4,5,4,4,4,5,1,5,5,5,5,3,3,106,101-130,5,27,15.42857143,15,13-16,24,16.0,16,13-16,11,14.66666667,15,13-16,36,18.0,18,17-20,4 to 6 hrs per day,3,4 to 6 hrs per day,3,NO CHANGE,3
21,17/46,Female,1,Final yr,1,2 to 4 hours per day,2,Social media,2,2,1,0,0,1,1,0,1,1,2,2,1,1,2,1,0,1,0,1,0,18,0-30 (normal level of Internet usage),1,1.2,1,RARELY,1.0,1,RARELY,1.0,1,RARELY,1.0,1,RARELY,0.6666666667,1,RARELY,0.0,0,,5,4,3,3.0,4,2,5,5,5,4,4,5,4,4,5,4,4,3,3,3,4,3,1,5,5,5,4,2,4,103,101-130,5,23,13.14285714,13,13-16,27,18.0,18,17-20,9,12.0,12,9-12,35,17.5,18,17-20,2 to 4 hrs per day,2,8 or more hrs per day,5,INCREASED,1
22,17/47,Female,1,Final yr,1,more than 8 hours per day,5,Online learning,1,3,2,1,1,1,1,4,2,3,2,3,2,2,3,3,3,3,2,1,3,45,31-49 (mild level of Internet addiction),2,2.0,2,OCCASIONALLY,2.6,3,FREQUENTLY,2.0,2,OCCASIONALLY,3.5,4,OFTEN,2.333333333,2,OCCASIONALLY,1.0,1,RARELY,4,4,2,4.0,2,4,5,4,4,5,4,4,5,4,4,4,4,5,4,5,4,3,4,4,4,5,4,4,2,105,101-130,5,28,16.0,16,13-16,24,16.0,16,13-16,11,14.66666667,15,13-16,34,17.0,17,17-20,4 to 6 hrs per day,3,8 or more hrs per day,5,INCREASED,1
23,17/48,Female,1,Final yr,1,4 to 6 hours per day,3,Information gathering for academic purposes,4,4,2,1,1,0,0,1,4,3,2,0,0,1,3,1,4,3,2,2,1,35,31-49 (mild level of Internet addiction),2,1.2,1,RARELY,2.4,2,OCCASIONALLY,2.333333333,2,OCCASIONALLY,0.5,1,RARELY,2.333333333,2,OCCASIONALLY,1.0,1,RARELY,3,3,3,3.0,4,2,3,4,2,2,2,3,2,2,5,5,3,2,2,2,3,3,4,4,5,5,5,3,3,82,76-100,4,17,9.714285714,10,9-12,17,11.33333333,11,9-12,11,14.66666667,15,13-16,31,15.5,16,13-16,4 to 6 hrs per day,3,2 to 4 hrs per day,2,DECREASED,2
24,17/49,Female,1,Final yr,1,4 to 6 hours per day,3,Information gathering for academic purposes,4,4,2,0,0,1,2,1,2,1,1,1,1,0,1,1,1,4,0,0,0,23,0-30 (normal level of Internet usage),1,0.6,1,RARELY,1.4,1,RARELY,1.666666667,2,OCCASIONALLY,1.0,1,RARELY,2.0,2,OCCASIONALLY,0.0,0,,5,5,1,5.0,2,4,5,5,4,5,5,5,5,5,5,5,5,5,5,5,5,5,5,5,5,5,5,1,5,124,101-130,5,30,17.14285714,17,17-20,29,19.33333333,19,17-20,15,20.0,20,17-20,40,20.0,20,17-20,2 to 4 hrs per day,2,6 to 8 hrs per day,4,INCREASED,1
25,17/5,Female,1,Final yr,1,4 to 6 hours per day,3,Lecture videos,8,4,2,3,1,2,3,1,2,2,2,1,4,0,3,1,4,4,3,1,1,44,31-49 (mild level of Internet addiction),2,1.6,2,OCCASIONALLY,2.6,3,FREQUENTLY,2.333333333,2,OCCASIONALLY,1.0,1,RARELY,3.333333333,3,FREQUENTLY,2.0,2,OCCASIONALLY,3,2,2,4.0,1,5,4,3,3,4,4,5,4,3,3,4,4,4,2,3,3,4,3,4,4,4,3,2,4,91,76-100,4,25,14.28571429,14,13-16,21,14.0,14,13-16,11,14.66666667,15,13-16,29,14.5,15,13-16,2 to 4 hrs per day,2,4 to 6 hrs per day,3,INCREASED,1
26,17/50,Female,1,Final yr,1,6 to 8 hours per day,4,Information gathering for academic purposes,4,4,2,1,0,1,4,0,4,0,3,3,1,3,1,0,3,4,2,0,3,39,31-49 (mild level of Internet addiction),2,1.4,1,RARELY,2.4,2,OCCASIONALLY,2.666666667,3,FREQUENTLY,1.5,2,OCCASIONALLY,2.666666667,3,FREQUENTLY,0.5,1,RARELY,3,4,1,5.0,1,5,4,4,3,3,4,2,4,2,5,4,4,4,3,3,3,4,4,5,3,4,4,3,3,92,76-100,4,22,12.57142857,13,13-16,21,14.0,14,13-16,13,17.33333333,17,17-20,29,14.5,15,13-16,2 to 4 hrs per day,2,6 to 8 hrs per day,4,INCREASED,1
27,17/51,Female,1,Final yr,1,4 to 6 hours per day,3,Social media,2,4,2,0,0,1,1,0,2,3,4,3,1,0,2,2,3,3,3,5,2,41,31-49 (mild level of Internet addiction),2,2.4,2,OCCASIONALLY,2.6,3,FREQUENTLY,2.0,2,OCCASIONALLY,1.5,2,OCCASIONALLY,2.333333333,2,OCCASIONALLY,0.0,0,,3,3,4,2.0,1,5,1,3,3,3,3,2,4,2,5,1,1,4,3,3,1,1,5,3,2,4,4,5,1,74,51-75,3,22,12.57142857,13,13-16,13,8.666666667,9,9-12,9,12.0,12,9-12,24,12.0,12,9-12,4 to 6 hrs per day,3,4 to 6 hrs per day,3,NO CHANGE,3
28,17/52,Female,1,Final yr,1,2 to 4 hours per day,2,Social media,2,4,1,0,1,1,1,2,1,1,0,1,1,1,1,1,2,2,1,1,1,24,0-30 (normal level of Internet usage),1,0.8,1,RARELY,1.6,2,OCCASIONALLY,1.0,1,RARELY,1.5,2,OCCASIONALLY,1.666666667,2,OCCASIONALLY,0.5,1,RARELY,4,3,2,4.0,2,4,4,4,4,4,4,3,3,4,4,4,4,3,3,3,3,4,1,3,4,3,4,2,4,90,76-100,4,22,12.57142857,13,13-16,22,14.66666667,15,13-16,8,10.66666667,11,9-12,31,15.5,16,13-16,2 to 4 hrs per day,2,2 to 4 hrs per day,2,NO CHANGE,3
29,17/53,Female,1,Final yr,1,6 to 8 hours per day,4,Online learning,1,2,2,0,0,2,1,0,1,1,3,0,2,3,3,1,2,1,2,2,0,28,0-30 (normal level of Internet usage),1,2.2,2,OCCASIONALLY,1.8,2,OCCASIONALLY,1.0,1,RARELY,0.0,0,,1.666666667,2,OCCASIONALLY,0.0,0,,3,3,3,3.0,3,3,4,3,3,3,3,3,3,3,3,3,3,3,3,3,3,3,1,1,3,3,5,2,4,78,76-100,4,21,12.0,12,9-12,20,13.33333333,13,13-16,5,6.666666667,7,4-8,26,13.0,13,13-16,8 or more hrs per day,5,4 to 6 hrs per day,3,DECREASED,2
30,17/54,Female,1,Final yr,1,4 to 6 hours per day,3,Browsing,5,3,1,0,1,2,3,2,2,0,1,0,1,1,2,1,1,3,1,1,1,27,0-30 (normal level of Internet usage),1,1.0,1,RARELY,1.6,2,OCCASIONALLY,1.666666667,2,OCCASIONALLY,1.0,1,RARELY,2.0,2,OCCASIONALLY,0.5,1,RARELY,4,4,1,5.0,1,5,4,4,3,4,3,3,3,2,3,3,5,4,3,3,3,3,3,3,2,3,4,1,5,87,76-100,4,24,13.71428571,14,13-16,22,14.66666667,15,13-16,9,12.0,12,9-12,24,12.0,12,9-12,4 to 6 hrs per day,3,4 to 6 hrs per day,3,NO CHANGE,3
31,17/7,Female,1,Final yr,1,6 to 8 hours per day,4,Social media,2,4,4,2,1,4,5,3,5,2,2,3,4,2,3,3,3,4,2,3,3,62,50-79 (moderate level of Internet addiction),3,2.8,3,FREQUENTLY,3.2,3,FREQUENTLY,4.0,4,OFTEN,3.0,3,FREQUENTLY,3.666666667,4,OFTEN,1.5,2,OCCASIONALLY,2,2,3,3.0,2,4,4,4,3,4,4,4,3,4,4,4,4,5,5,5,4,5,4,4,4,4,4,4,2,99,76-100,4,30,17.14285714,17,17-20,20,13.33333333,13,13-16,13,17.33333333,17,17-20,32,16.0,16,13-16,4 to 6 hrs per day,3,6 to 8 hrs per day,4,INCREASED,1
32,20/1,Female,1,First yr,2,4 to 6 hours per day,3,Social media,2,2,1,0,1,1,1,0,1,1,1,2,3,1,2,1,2,1,1,1,1,24,0-30 (normal level of Internet usage),1,1.4,1,RARELY,1.4,1,RARELY,1.0,1,RARELY,1.0,1,RARELY,1.333333333,1,RARELY,0.5,1,RARELY,4,4,3,,1,5,3,4,3,4,2,3,3,5,5,3,2,4,3,4,4,4,1,5,3,3,3,2,4,91,76-100,4,24,13.71428571,14,13-16,21,14.0,14,13-16,10,13.33333333,13,13-16,28,14.0,14,13-16,4 to 6 hrs per day,3,6 to 8 hrs per day,4,INCREASED,1
33,20/10,Female,1,First yr,2,4 to 6 hours per day,3,Social media,2,3,2,1,2,2,2,1,2,4,4,4,4,3,4,2,4,5,4,2,2,57,50-79 (moderate level of Internet addiction),3,3.0,3,FREQUENTLY,3.0,3,FREQUENTLY,2.666666667,3,FREQUENTLY,2.5,3,FREQUENTLY,3.666666667,4,OFTEN,1.5,2,OCCASIONALLY,3,3,2,,2,4,3,4,3,4,4,2,4,4,2,2,4,4,2,2,3,2,3,2,4,4,4,4,2,80,76-100,4,20,11.42857143,11,9-12,19,12.66666667,13,13-16,7,9.333333333,9,9-12,28,14.0,14,13-16,2 to 4 hrs per day,2,6 to 8 hrs per day,4,INCREASED,1
34,20/103,Female,1,First yr,2,4 to 6 hours per day,3,Social media,2,2,4,0,3,5,2,0,2,5,4,3,5,3,4,3,5,4,0,2,2,58,50-79 (moderate level of Internet addiction),3,3.4,3,FREQUENTLY,2.4,2,OCCASIONALLY,3.0,3,FREQUENTLY,1.5,2,OCCASIONALLY,4.666666667,5,ALWAYS,1.5,2,OCCASIONALLY,4,3,5,,2,4,4,4,3,5,3,4,5,5,2,4,4,2,3,4,4,3,1,4,1,5,1,5,1,88,76-100,4,26,14.85714286,15,13-16,21,14.0,14,13-16,8,10.66666667,11,9-12,26,13.0,13,13-16,0 to 2 hrs per day,1,4 to 6 hrs per day,3,INCREASED,1
35,20/116,Female,1,First yr,2,6 to 8 hours per day,4,Social media,2,3,3,0,1,0,3,2,2,1,3,3,3,2,1,3,1,3,0,0,2,36,31-49 (mild level of Internet addiction),2,2.2,2,OCCASIONALLY,1.8,2,OCCASIONALLY,2.0,2,OCCASIONALLY,2.5,3,FREQUENTLY,1.333333333,1,RARELY,0.5,1,RARELY,4,3,3,,1,5,4,5,4,4,4,4,5,4,5,4,5,5,4,4,5,4,1,4,5,5,4,3,3,107,101-130,5,30,17.14285714,17,17-20,26,17.33333333,17,17-20,9,12.0,12,9-12,35,17.5,18,17-20,6 to 8 hrs per day,4,6 to 8 hrs per day,4,NO CHANGE,3
36,20/117,Female,1,First yr,2,2 to 4 hours per day,2,Social media,2,4,4,0,0,3,3,1,5,3,4,3,1,2,2,1,5,5,4,2,2,54,50-79 (moderate level of Internet addiction),3,2.0,2,OCCASIONALLY,3.2,3,FREQUENTLY,3.666666667,4,OFTEN,2.0,2,OCCASIONALLY,4.333333333,4,OFTEN,0.0,0,,3,1,3,,1,5,3,3,2,3,3,2,2,3,5,2,3,2,2,2,2,3,3,3,3,3,3,3,3,72,51-75,3,19,10.85714286,11,9-12,15,10.0,10,9-12,9,12.0,12,9-12,25,12.5,13,13-16,2 to 4 hrs per day,2,4 to 6 hrs per day,3,INCREASED,1
37,20/118,Female,1,First yr,2,2 to 4 hours per day,2,Social media,2,3,1,0,1,1,1,2,1,0,0,0,0,0,1,0,2,1,0,0,0,14,0-30 (normal level of Internet usage),1,0.0,0,,1.0,1,RARELY,0.6666666667,1,RARELY,1.0,1,RARELY,1.333333333,1,RARELY,0.5,1,RARELY,4,2,4,,3,3,4,3,3,3,4,4,3,3,4,2,3,3,3,2,3,3,1,4,3,3,2,3,3,79,76-100,4,22,12.57142857,13,13-16,19,12.66666667,13,13-16,8,10.66666667,11,9-12,24,12.0,12,9-12,0 to 2 hrs per day,1,2 to 4 hrs per day,2,INCREASED,1
38,20/119,Female,1,First yr,2,2 to 4 hours per day,2,Streaming services/ Entertainment,8,5,3,1,0,1,3,3,3,5,0,1,3,1,0,1,3,2,1,1,1,38,31-49 (mild level of Internet addiction),2,1.2,1,RARELY,2.0,2,OCCASIONALLY,3.666666667,4,OFTEN,2.0,2,OCCASIONALLY,2.0,2,OCCASIONALLY,0.5,1,RARELY,3,2,2,,1,5,4,3,4,2,3,3,2,1,5,3,4,4,3,3,2,3,5,3,5,5,4,5,1,84,76-100,4,24,13.71428571,14,13-16,16,10.66666667,11,9-12,11,14.66666667,15,13-16,28,14.0,14,13-16,2 to 4 hrs per day,2,2 to 4 hrs per day,2,NO CHANGE,3
39,20/12,Female,1,First yr,2,2 to 4 hours per day,2,Social media,2,2,1,0,1,0,1,0,1,1,0,1,2,1,2,1,1,1,1,0,1,18,0-30 (normal level of Internet usage),1,0.8,1,RARELY,1.4,1,RARELY,1.0,1,RARELY,0.5,1,RARELY,0.6666666667,1,RARELY,0.5,1,RARELY,3,4,4,,1,5,2,4,4,4,4,3,4,1,1,2,2,2,1,4,1,1,1,3,1,1,1,1,5,68,51-75,3,21,12.0,12,9-12,20,13.33333333,13,13-16,5,6.666666667,7,4-8,15,7.5,8,4-8,2 to 4 hrs per day,2,2 to 4 hrs per day,2,NO CHANGE,3
40,20/126,Female,1,First yr,2,2 to 4 hours per day,2,Streaming services/ Entertainment,8,1,1,0,0,0,1,0,0,0,0,1,3,0,0,0,1,2,0,3,0,13,0-30 (normal level of Internet usage),1,1.2,1,RARELY,0.4,0,,0.3333333333,0,,0.5,1,RARELY,1.0,1,RARELY,0.0,0,,3,3,5,,2,4,4,3,2,2,3,3,2,2,4,4,3,4,3,2,3,3,3,4,3,4,4,2,4,84,76-100,4,24,13.71428571,14,13-16,18,12.0,12,9-12,10,13.33333333,13,13-16,26,13.0,13,13-16,0 to 2 hrs per day,1,0 to 2 hrs per day,1,NO CHANGE,3
41,20/129,Female,1,First yr,2,2 to 4 hours per day,2,Browsing,5,2,0,0,0,1,0,4,1,3,3,2,1,1,1,0,0,2,2,0,0,23,0-30 (normal level of Internet usage),1,1.0,1,RARELY,1.0,1,RARELY,1.333333333,1,RARELY,3.0,3,FREQUENTLY,1.0,1,RARELY,0.0,0,,4,4,4,,1,5,5,3,4,5,4,5,5,5,4,5,5,5,5,5,5,4,1,5,3,4,5,4,2,111,101-130,5,34,19.42857143,19,17-20,24,16.0,16,13-16,10,13.33333333,13,13-16,35,17.5,18,17-20,0 to 2 hrs per day,1,2 to 4 hrs per day,2,INCREASED,1
42,20/13,Female,1,First yr,2,4 to 6 hours per day,3,Online learning,1,1,1,0,0,1,1,3,0,0,5,0,3,3,0,0,4,1,1,0,2,26,0-30 (normal level of Internet usage),1,2.2,2,OCCASIONALLY,1.0,1,RARELY,0.3333333333,0,,1.5,2,OCCASIONALLY,2.0,2,OCCASIONALLY,0.0,0,,3,2,4,,1,5,5,5,3,5,3,5,5,3,4,4,4,5,5,3,3,4,1,5,3,3,3,2,4,99,76-100,4,31,17.71428571,18,17-20,25,16.66666667,17,17-20,10,13.33333333,13,13-16,28,14.0,14,13-16,2 to 4 hrs per day,2,4 to 6 hrs per day,3,INCREASED,1
43,20/132,Female,1,First yr,2,2 to 4 hours per day,2,Information gathering for academic purposes,4,4,4,0,1,2,4,1,4,1,1,2,4,1,4,3,4,5,3,2,1,51,50-79 (moderate level of Internet addiction),3,2.2,2,OCCASIONALLY,3.2,3,FREQUENTLY,3.0,3,FREQUENTLY,1.5,2,OCCASIONALLY,3.666666667,4,OFTEN,0.5,1,RARELY,3,3,3,,2,4,3,4,3,4,3,4,2,4,4,4,3,3,3,3,3,1,1,4,3,3,2,2,4,81,76-100,4,23,13.14285714,13,13-16,19,12.66666667,13,13-16,6,8.0,8,4-8,27,13.5,14,13-16,0 to 2 hrs per day,1,2 to 4 hrs per day,2,INCREASED,1
44,20/133,Female,1,First yr,2,4 to 6 hours per day,3,Communication,7,4,1,0,0,2,2,2,4,2,4,2,4,0,0,2,1,2,5,1,2,40,31-49 (mild level of Internet addiction),2,2.2,2,OCCASIONALLY,2.4,2,OCCASIONALLY,2.666666667,3,FREQUENTLY,2.0,2,OCCASIONALLY,1.666666667,2,OCCASIONALLY,0.0,0,,5,3,4,,2,4,5,4,3,5,5,4,4,3,3,4,2,4,3,3,4,4,4,4,4,4,5,4,2,99,76-100,4,24,13.71428571,14,13-16,22,14.66666667,15,13-16,12,16.0,16,13-16,33,16.5,17,17-20,2 to 4 hrs per day,2,4 to 6 hrs per day,3,INCREASED,1
45,20/134,Female,1,First yr,2,0 to 2 hours per day,1,Browsing,5,1,2,0,0,0,1,0,0,1,3,2,3,1,1,1,3,1,0,1,0,21,0-30 (normal level of Internet usage),1,1.8,2,OCCASIONALLY,0.8,1,RARELY,0.6666666667,1,RARELY,1.0,1,RARELY,1.333333333,1,RARELY,0.0,0,,2,3,4,,1,5,1,2,3,2,3,4,3,5,5,2,4,3,3,2,1,4,1,3,4,4,4,5,1,78,76-100,4,25,14.28571429,14,13-16,11,7.333333333,7,4-8,8,10.66666667,11,9-12,29,14.5,15,13-16,0 to 2 hrs per day,1,2 to 4 hrs per day,2,INCREASED,1
46,20/16,Female,1,First yr,2,6 to 8 hours per day,4,Browsing,5,4,2,0,0,1,1,1,1,1,2,1,2,2,1,0,3,2,2,2,1,29,0-30 (normal level of Internet usage),1,1.6,2,OCCASIONALLY,2.0,2,OCCASIONALLY,1.0,1,RARELY,1.0,1,RARELY,2.0,2,OCCASIONALLY,0.0,0,,3,3,4,,2,4,2,3,3,4,3,2,5,5,4,2,3,3,3,3,2,3,1,3,4,4,3,3,3,82,76-100,4,22,12.57142857,13,13-16,18,12.0,12,9-12,7,9.333333333,9,9-12,29,14.5,15,13-16,4 to 6 hrs per day,3,6 to 8 hrs per day,4,INCREASED,1
47,20/18,Female,1,First yr,2,2 to 4 hours per day,2,Online learning,1,2,1,0,1,1,1,0,1,1,2,2,3,2,1,1,1,1,1,1,1,24,0-30 (normal level of Internet usage),1,1.8,2,OCCASIONALLY,1.2,1,RARELY,1.0,1,RARELY,1.0,1,RARELY,1.0,1,RARELY,0.5,1,RARELY,3,3,3,,2,4,3,3,3,3,3,3,3,3,3,3,3,3,3,3,3,1,1,4,3,3,4,3,3,77,76-100,4,22,12.57142857,13,13-16,18,12.0,12,9-12,6,8.0,8,4-8,25,12.5,13,13-16,0 to 2 hrs per day,1,2 to 4 hrs per day,2,INCREASED,1
48,20/19,Female,1,First yr,2,2 to 4 hours per day,2,Online learning,1,2,2,0,0,1,1,1,0,0,4,1,1,0,0,0,1,2,0,1,0,17,0-30 (normal level of Internet usage),1,1.2,1,RARELY,0.8,1,RARELY,0.3333333333,0,,1.0,1,RARELY,1.333333333,1,RARELY,0.0,0,,3,3,4,,2,4,4,4,4,3,3,3,4,4,3,3,3,3,3,3,4,3,3,4,3,3,3,3,3,87,76-100,4,23,13.14285714,13,13-16,23,15.33333333,15,13-16,10,13.33333333,13,13-16,25,12.5,13,13-16,2 to 4 hrs per day,2,4 to 6 hrs per day,3,INCREASED,1
49,20/20,Female,1,First yr,2,4 to 6 hours per day,3,Social media,2,2,1,4,4,0,1,5,3,0,2,1,4,0,5,0,4,3,1,0,2,42,31-49 (mild level of Internet addiction),2,1.2,1,RARELY,2.2,2,OCCASIONALLY,1.333333333,1,RARELY,3.0,3,FREQUENTLY,2.333333333,2,OCCASIONALLY,4.0,4,OFTEN,5,5,5,,1,5,4,3,4,5,5,5,5,3,3,3,5,5,5,4,3,3,5,5,5,5,5,4,2,112,101-130,5,34,19.42857143,19,17-20,21,14.0,14,13-16,13,17.33333333,17,17-20,34,17.0,17,17-20,0 to 2 hrs per day,1,4 to 6 hrs per day,3,INCREASED,1
50,20/26,Female,1,First yr,2,4 to 6 hours per day,3,Streaming services/ Entertainment,8,4,2,0,1,3,3,1,2,3,3,3,3,3,3,4,3,4,1,3,2,51,50-79 (moderate level of Internet addiction),3,3.2,3,FREQUENTLY,2.4,2,OCCASIONALLY,2.666666667,3,FREQUENTLY,2.0,2,OCCASIONALLY,3.333333333,3,FREQUENTLY,0.5,1,RARELY,3,4,5,,2,4,4,3,3,3,4,4,3,4,4,4,3,3,3,3,4,3,1,4,5,5,5,4,2,93,76-100,4,25,14.28571429,14,13-16,19,12.66666667,13,13-16,8,10.66666667,11,9-12,34,17.0,17,17-20,2 to 4 hrs per day,2,4 to 6 hrs per day,3,INCREASED,1
51,20/28,Female,1,First yr,2,2 to 4 hours per day,2,Social media,2,2,0,2,0,1,2,0,2,4,3,3,2,2,4,2,2,1,0,0,1,33,31-49 (mild level of Internet addiction),2,1.8,2,OCCASIONALLY,1.4,1,RARELY,2.666666667,3,FREQUENTLY,1.5,2,OCCASIONALLY,1.333333333,1,RARELY,1.0,1,RARELY,3,2,3,,3,3,4,3,2,3,2,3,3,2,4,3,4,3,3,2,2,3,1,2,1,3,2,3,3,69,51-75,3,21,12.0,12,9-12,17,11.33333333,11,9-12,6,8.0,8,4-8,20,10.0,10,9-12,0 to 2 hrs per day,1,4 to 6 hrs per day,3,INCREASED,1
52,20/35,Female,1,First yr,2,2 to 4 hours per day,2,Social media,2,1,3,1,3,1,1,1,1,1,2,1,2,2,2,1,2,1,1,1,2,30,0-30 (normal level of Internet usage),1,1.6,2,OCCASIONALLY,1.8,2,OCCASIONALLY,1.0,1,RARELY,1.0,1,RARELY,1.333333333,1,RARELY,2.0,2,OCCASIONALLY,3,2,3,,3,3,3,2,4,4,4,3,2,4,4,2,3,4,3,3,3,3,3,4,3,4,2,2,4,82,76-100,4,22,12.57142857,13,13-16,18,12.0,12,9-12,10,13.33333333,13,13-16,27,13.5,14,13-16,2 to 4 hrs per day,2,4 to 6 hrs per day,3,INCREASED,1
53,20/36,Female,1,First yr,2,4 to 6 hours per day,3,Social media,2,3,3,0,1,3,3,0,2,1,4,2,4,1,1,2,3,3,3,1,2,42,31-49 (mild level of Internet addiction),2,2.4,2,OCCASIONALLY,2.4,2,OCCASIONALLY,2.0,2,OCCASIONALLY,1.0,1,RARELY,3.0,3,FREQUENTLY,0.5,1,RARELY,3,2,4,,2,4,3,3,2,3,3,2,2,3,3,2,2,4,2,3,2,1,1,2,3,3,4,4,2,68,51-75,3,21,12.0,12,9-12,14,9.333333333,9,9-12,4,5.333333333,5,4-8,24,12.0,12,9-12,4 to 6 hrs per day,3,4 to 6 hrs per day,3,NO CHANGE,3
54,20/45,Female,1,First yr,2,2 to 4 hours per day,2,Streaming services/ Entertainment,8,1,1,0,1,0,1,1,1,0,2,0,0,0,1,0,2,0,0,1,0,12,0-30 (normal level of Internet usage),1,0.6,1,RARELY,0.6,1,RARELY,0.6666666667,1,RARELY,0.5,1,RARELY,0.6666666667,1,RARELY,0.5,1,RARELY,5,4,4,,2,4,5,3,4,4,4,4,4,5,4,2,3,3,4,4,4,5,4,5,3,3,3,1,5,102,101-130,5,26,14.85714286,15,13-16,25,16.66666667,17,17-20,14,18.66666667,19,17-20,28,14.0,14,13-16,0 to 2 hrs per day,1,2 to 4 hrs per day,2,INCREASED,1
55,20/51,Female,1,First yr,2,2 to 4 hours per day,2,Social media,2,3,1,0,0,2,3,4,3,1,1,2,2,1,2,3,4,3,3,2,3,43,31-49 (mild level of Internet addiction),2,1.8,2,OCCASIONALLY,2.4,2,OCCASIONALLY,2.333333333,2,OCCASIONALLY,3.0,3,FREQUENTLY,3.0,3,FREQUENTLY,0.0,0,,4,3,2,,3,3,4,5,3,5,4,4,4,4,5,2,3,4,3,3,3,3,3,3,3,4,3,3,3,90,76-100,4,22,12.57142857,13,13-16,22,14.66666667,15,13-16,9,12.0,12,9-12,30,15.0,15,13-16,0 to 2 hrs per day,1,2 to 4 hrs per day,2,INCREASED,1
56,20/52,Female,1,First yr,2,6 to 8 hours per day,4,Social media,2,2,4,0,2,2,3,0,2,4,3,1,3,2,1,0,1,2,4,0,0,36,31-49 (mild level of Internet addiction),2,1.6,2,OCCASIONALLY,2.2,2,OCCASIONALLY,3.0,3,FREQUENTLY,0.5,1,RARELY,1.666666667,2,OCCASIONALLY,1.0,1,RARELY,2,4,3,,1,5,3,2,2,2,3,2,2,1,2,2,3,3,2,3,3,2,1,2,2,3,2,5,1,62,51-75,3,21,12.0,12,9-12,13,8.666666667,9,9-12,5,6.666666667,7,4-8,17,8.5,9,9-12,6 to 8 hrs per day,4,6 to 8 hrs per day,4,NO CHANGE,3
57,20/55,Female,1,First yr,2,2 to 4 hours per day,2,Social media,2,1,0,1,0,0,2,1,2,0,2,0,1,0,1,0,1,1,0,0,0,13,0-30 (normal level of Internet usage),1,0.6,1,RARELY,0.4,0,,1.333333333,1,RARELY,0.5,1,RARELY,0.6666666667,1,RARELY,0.5,1,RARELY,4,4,4,,2,4,5,4,3,5,4,4,3,5,4,3,5,3,2,3,4,5,5,3,2,5,5,1,5,103,101-130,5,25,14.28571429,14,13-16,24,16.0,16,13-16,13,17.33333333,17,17-20,33,16.5,17,17-20,0 to 2 hrs per day,1,2 to 4 hrs per day,2,INCREASED,1
58,20/56,Female,1,First yr,2,4 to 6 hours per day,3,Social media,2,2,1,0,0,1,0,0,2,1,3,1,0,0,0,1,1,2,1,0,1,17,0-30 (normal level of Internet usage),1,0.8,1,RARELY,1.0,1,RARELY,1.0,1,RARELY,0.5,1,RARELY,1.333333333,1,RARELY,0.0,0,,4,5,3,,3,3,5,5,3,3,3,4,5,5,5,3,3,3,5,3,4,5,1,3,4,2,3,2,4,96,76-100,4,24,13.71428571,14,13-16,26,17.33333333,17,17-20,9,12.0,12,9-12,28,14.0,14,13-16,0 to 2 hrs per day,1,4 to 6 hrs per day,3,INCREASED,1
59,20/57,Female,1,First yr,2,4 to 6 hours per day,3,Social media,2,3,1,3,1,2,3,1,2,1,3,1,2,2,2,3,2,4,1,1,1,39,31-49 (mild level of Internet addiction),2,2.2,2,OCCASIONALLY,1.6,2,OCCASIONALLY,2.0,2,OCCASIONALLY,1.0,1,RARELY,2.666666667,3,FREQUENTLY,2.0,2,OCCASIONALLY,2,3,2,,1,5,4,4,2,3,4,3,5,5,4,2,4,3,2,2,4,4,4,3,5,5,3,5,1,88,76-100,4,21,12.0,12,9-12,20,13.33333333,13,13-16,11,14.66666667,15,13-16,31,15.5,16,13-16,4 to 6 hrs per day,3,6 to 8 hrs per day,4,INCREASED,1
60,20/6,Female,1,First yr,2,2 to 4 hours per day,2,Communication,7,5,2,4,0,2,5,4,5,3,4,4,1,1,4,2,4,5,3,1,2,61,50-79 (moderate level of Internet addiction),3,1.8,2,OCCASIONALLY,3.2,3,FREQUENTLY,4.333333333,4,OFTEN,4.0,4,OFTEN,3.666666667,4,OFTEN,2.0,2,OCCASIONALLY,3,3,2,,2,4,5,5,3,4,4,2,4,5,4,4,3,1,2,4,5,4,5,5,5,5,4,3,3,98,76-100,4,18,10.28571429,10,9-12,25,16.66666667,17,17-20,14,18.66666667,19,17-20,35,17.5,18,17-20,2 to 4 hrs per day,2,2 to 4 hrs per day,2,NO CHANGE,3
61,20/62,Female,1,First yr,2,6 to 8 hours per day,4,Online learning,1,2,1,0,0,1,2,3,2,1,3,2,1,1,2,2,2,2,2,3,3,35,31-49 (mild level of Internet addiction),2,2.0,2,OCCASIONALLY,2.0,2,OCCASIONALLY,1.666666667,2,OCCASIONALLY,2.5,3,FREQUENTLY,1.666666667,2,OCCASIONALLY,0.0,0,,3,2,3,,2,4,3,3,3,3,3,3,3,3,3,3,3,3,3,3,3,3,3,1,3,3,3,4,2,75,51-75,3,22,12.57142857,13,13-16,17,11.33333333,11,9-12,7,9.333333333,9,9-12,24,12.0,12,9-12,4 to 6 hrs per day,3,6 to 8 hrs per day,4,INCREASED,1
62,20/64,Female,1,First yr,2,4 to 6 hours per day,3,Social media,2,4,3,0,0,3,3,1,0,4,2,2,1,3,4,2,4,5,4,3,2,50,50-79 (moderate level of Internet addiction),3,2.2,2,OCCASIONALLY,3.4,3,FREQUENTLY,2.333333333,2,OCCASIONALLY,1.5,2,OCCASIONALLY,4.0,4,OFTEN,0.0,0,,2,2,4,,1,5,3,3,2,3,3,4,4,5,5,3,3,4,3,3,2,4,1,3,4,4,4,2,4,87,76-100,4,26,14.85714286,15,13-16,18,12.0,12,9-12,8,10.66666667,11,9-12,31,15.5,16,13-16,4 to 6 hrs per day,3,4 to 6 hrs per day,3,NO CHANGE,3
63,20/65,Female,1,First yr,2,2 to 4 hours per day,2,Streaming services/ Entertainment,8,3,1,0,0,1,1,2,4,2,5,1,1,1,0,1,3,3,2,1,4,36,31-49 (mild level of Internet addiction),2,1.8,2,OCCASIONALLY,2.0,2,OCCASIONALLY,2.333333333,2,OCCASIONALLY,1.5,2,OCCASIONALLY,2.333333333,2,OCCASIONALLY,0.0,0,,3,1,5,,1,5,3,3,3,2,3,1,1,5,5,4,2,5,3,3,1,2,1,3,5,5,5,4,2,81,76-100,4,24,13.71428571,14,13-16,13,8.666666667,9,9-12,6,8.0,8,4-8,34,17.0,17,17-20,2 to 4 hrs per day,2,2 to 4 hrs per day,2,NO CHANGE,3
64,20/70,Female,1,First yr,2,2 to 4 hours per day,2,Social media,2,2,3,0,0,1,0,1,1,4,1,4,2,4,3,2,2,2,3,2,2,39,31-49 (mild level of Internet addiction),2,2.2,2,OCCASIONALLY,2.6,3,FREQUENTLY,1.666666667,2,OCCASIONALLY,2.5,3,FREQUENTLY,1.666666667,2,OCCASIONALLY,0.0,0,,3,4,2,,1,5,4,4,3,4,4,4,4,4,4,4,4,4,4,4,4,4,4,2,3,4,3,4,2,95,76-100,4,27,15.42857143,15,13-16,21,14.0,14,13-16,10,13.33333333,13,13-16,30,15.0,15,13-16,0 to 2 hrs per day,1,2 to 4 hrs per day,2,INCREASED,1
65,20/71,Female,1,First yr,2,4 to 6 hours per day,3,Streaming services/ Entertainment,8,3,2,0,1,1,1,1,1,0,1,1,4,1,4,0,4,5,4,1,0,35,31-49 (mild level of Internet addiction),2,1.4,1,RARELY,2.6,3,FREQUENTLY,0.6666666667,1,RARELY,1.0,1,RARELY,3.333333333,3,FREQUENTLY,0.5,1,RARELY,3,3,3,,2,4,4,5,3,3,3,3,5,5,3,4,3,3,3,3,4,3,3,4,4,4,4,4,2,91,76-100,4,22,12.57142857,13,13-16,23,15.33333333,15,13-16,10,13.33333333,13,13-16,30,15.0,15,13-16,4 to 6 hrs per day,3,8 or more hrs per day,5,INCREASED,1
66,20/72,Female,1,First yr,2,2 to 4 hours per day,2,Online learning,1,2,2,0,0,3,1,1,1,3,3,1,3,3,3,2,3,3,3,3,4,44,31-49 (mild level of Internet addiction),2,2.8,3,FREQUENTLY,2.8,3,FREQUENTLY,1.666666667,2,OCCASIONALLY,1.0,1,RARELY,3.0,3,FREQUENTLY,0.0,0,,3,3,4,,2,4,4,5,4,4,3,3,4,3,4,4,4,3,3,4,5,1,1,4,4,5,5,3,3,94,76-100,4,25,14.28571429,14,13-16,25,16.66666667,17,17-20,6,8.0,8,4-8,32,16.0,16,13-16,2 to 4 hrs per day,2,4 to 6 hrs per day,3,INCREASED,1
67,20/76,Female,1,First yr,2,2 to 4 hours per day,2,Online learning,1,2,0,0,1,2,0,0,2,1,0,3,3,1,2,2,2,3,2,3,0,29,0-30 (normal level of Internet usage),1,1.8,2,OCCASIONALLY,1.2,1,RARELY,1.0,1,RARELY,1.5,2,OCCASIONALLY,2.333333333,2,OCCASIONALLY,0.5,1,RARELY,3,3,3,,2,4,3,4,3,3,3,3,5,5,4,4,4,3,4,2,4,4,4,4,4,4,4,2,4,95,76-100,4,23,13.14285714,13,13-16,23,15.33333333,15,13-16,12,16.0,16,13-16,31,15.5,16,13-16,8 or more hrs per day,5,8 or more hrs per day,5,NO CHANGE,3
68,20/77,Female,1,First yr,2,6 to 8 hours per day,4,Online learning,1,4,4,4,4,4,4,4,4,4,4,4,4,4,4,4,4,4,4,4,4,80,80-100 (severe dependence upon the Internet),4,4.0,4,OFTEN,4.0,4,OFTEN,4.0,4,OFTEN,4.0,4,OFTEN,4.0,4,OFTEN,4.0,4,OFTEN,2,2,4,,2,4,2,2,2,2,2,2,2,2,2,2,2,2,2,2,2,2,2,2,2,2,2,2,4,58,51-75,3,18,10.28571429,10,9-12,14,9.333333333,9,9-12,6,8.0,8,4-8,16,8.0,8,4-8,6 to 8 hrs per day,4,8 or more hrs per day,5,INCREASED,1
69,20/78,Female,1,First yr,2,4 to 6 hours per day,3,Streaming services/ Entertainment,8,2,1,0,0,1,0,0,1,0,1,0,1,0,1,1,1,1,0,0,0,11,0-30 (normal level of Internet usage),1,0.6,1,RARELY,0.8,1,RARELY,0.3333333333,0,,0.0,0,,1.0,1,RARELY,0.0,0,,3,4,3,,1,5,4,4,4,5,3,5,5,5,4,4,4,4,5,5,4,3,1,5,1,4,1,3,3,98,76-100,4,31,17.71428571,18,17-20,24,16.0,16,13-16,9,12.0,12,9-12,27,13.5,14,13-16,6 to 8 hrs per day,4,4 to 6 hrs per day,3,DECREASED,2
70,20/8,Female,1,First yr,2,2 to 4 hours per day,2,Online learning,1,1,1,0,0,0,2,1,2,0,1,0,1,1,0,0,1,1,0,0,1,13,0-30 (normal level of Internet usage),1,0.6,1,RARELY,0.6,1,RARELY,1.333333333,1,RARELY,0.5,1,RARELY,0.6666666667,1,RARELY,0.0,0,,3,3,3,,3,3,4,5,3,3,3,4,4,3,4,3,4,5,3,3,4,5,1,5,5,3,5,3,3,94,76-100,4,25,14.28571429,14,13-16,23,15.33333333,15,13-16,11,14.66666667,15,13-16,29,14.5,15,13-16,0 to 2 hrs per day,1,4 to 6 hrs per day,3,INCREASED,1
71,20/80,Female,1,First yr,2,0 to 2 hours per day,1,Social media,2,5,3,0,1,1,1,2,3,2,3,3,3,0,5,2,5,5,4,1,0,49,31-49 (mild level of Internet addiction),2,1.8,2,OCCASIONALLY,3.4,3,FREQUENTLY,2.0,2,OCCASIONALLY,2.5,3,FREQUENTLY,3.666666667,4,OFTEN,0.5,1,RARELY,4,4,5,,1,5,4,3,3,4,4,3,4,5,3,3,3,3,4,3,3,4,1,4,2,4,1,4,2,88,76-100,4,26,14.85714286,15,13-16,19,12.66666667,13,13-16,9,12.0,12,9-12,26,13.0,13,13-16,0 to 2 hrs per day,1,0 to 2 hrs per day,1,NO CHANGE,3
72,20/84,Female,1,First yr,2,4 to 6 hours per day,3,Social media,2,2,2,0,0,1,1,1,0,3,1,2,4,3,1,1,2,1,1,2,0,28,0-30 (normal level of Internet usage),1,2.2,2,OCCASIONALLY,1.2,1,RARELY,1.333333333,1,RARELY,1.5,2,OCCASIONALLY,1.333333333,1,RARELY,0.0,0,,5,3,4,,1,5,5,5,4,5,5,4,5,5,5,5,4,5,4,5,5,4,1,5,5,5,5,1,5,118,101-130,5,31,17.71428571,18,17-20,29,19.33333333,19,17-20,10,13.33333333,13,13-16,40,20.0,20,17-20,4 to 6 hrs per day,3,2 to 4 hrs per day,2,DECREASED,2
73,20/87,Female,1,First yr,2,2 to 4 hours per day,2,Social media,2,3,2,1,0,1,2,3,1,1,2,1,2,1,1,2,1,1,1,0,1,27,0-30 (normal level of Internet usage),1,1.4,1,RARELY,1.6,2,OCCASIONALLY,1.333333333,1,RARELY,2.0,2,OCCASIONALLY,1.0,1,RARELY,0.5,1,RARELY,4,3,4,,2,4,4,4,3,3,3,3,3,4,4,3,4,4,3,3,3,4,1,4,4,4,4,4,2,89,76-100,4,25,14.28571429,14,13-16,19,12.66666667,13,13-16,9,12.0,12,9-12,29,14.5,15,13-16,4 to 6 hrs per day,3,2 to 4 hrs per day,2,DECREASED,2
74,20/89,Female,1,First yr,2,2 to 4 hours per day,2,Social media,2,2,0,2,0,0,0,1,1,0,2,1,2,0,0,1,2,2,0,0,0,16,0-30 (normal level of Internet usage),1,1.0,1,RARELY,0.4,0,,0.3333333333,0,,1.0,1,RARELY,1.333333333,1,RARELY,1.0,1,RARELY,3,2,4,,1,5,3,4,3,3,3,3,3,3,2,3,3,3,3,2,3,3,2,2,3,3,1,3,3,75,51-75,3,23,13.14285714,13,13-16,19,12.66666667,13,13-16,7,9.333333333,9,9-12,21,10.5,11,9-12,4 to 6 hrs per day,3,2 to 4 hrs per day,2,DECREASED,2
75,20/91,Female,1,First yr,2,4 to 6 hours per day,3,Streaming services/ Entertainment,8,2,2,1,0,3,2,1,2,3,3,3,3,2,3,2,2,3,3,4,2,46,31-49 (mild level of Internet addiction),2,2.8,3,FREQUENTLY,2.4,2,OCCASIONALLY,2.333333333,2,OCCASIONALLY,2.0,2,OCCASIONALLY,2.666666667,3,FREQUENTLY,0.5,1,RARELY,3,3,3,,3,3,4,4,4,3,3,3,3,3,3,3,3,3,3,3,3,3,1,4,3,3,3,3,3,80,76-100,4,21,12.0,12,9-12,21,14.0,14,13-16,8,10.66666667,11,9-12,24,12.0,12,9-12,4 to 6 hrs per day,3,6 to 8 hrs per day,4,INCREASED,1
76,20/95,Female,1,First yr,2,4 to 6 hours per day,3,Streaming services/ Entertainment,8,3,4,5,0,4,3,1,2,2,4,3,3,3,3,4,4,4,3,2,0,57,50-79 (moderate level of Internet addiction),3,3.2,3,FREQUENTLY,2.6,3,FREQUENTLY,2.333333333,2,OCCASIONALLY,2.0,2,OCCASIONALLY,4.0,4,OFTEN,2.5,3,FREQUENTLY,4,5,5,,1,5,5,4,4,5,4,5,4,5,3,4,4,5,4,4,4,5,3,5,5,5,5,1,5,116,101-130,5,32,18.28571429,18,17-20,26,17.33333333,17,17-20,13,17.33333333,17,17-20,36,18.0,18,17-20,0 to 2 hrs per day,1,4 to 6 hrs per day,3,INCREASED,1
77,17/14,Male,2,Final yr,1,4 to 6 hours per day,3,Online learning,1,2,1,3,2,0,0,0,1,0,1,0,0,0,1,0,1,2,0,0,0,14,0-30 (normal level of Internet usage),1,0.2,0,,0.8,1,RARELY,0.3333333333,0,,0.0,0,,1.0,1,RARELY,2.5,3,FREQUENTLY,5,4,2,4.0,1,5,5,5,4,4,4,5,5,4,3,3,4,5,4,4,4,4,4,3,4,4,4,2,4,106,101-130,5,29,16.57142857,17,17-20,27,18.0,18,17-20,11,14.66666667,15,13-16,30,15.0,15,13-16,0 to 2 hrs per day,1,0 to 2 hrs per day,1,NO CHANGE,3
78,17/15,Male,2,Final yr,1,6 to 8 hours per day,4,Online Gaming,6,2,1,0,1,2,2,4,2,0,2,2,1,0,3,1,1,1,1,1,1,28,0-30 (normal level of Internet usage),1,1.0,1,RARELY,1.6,2,OCCASIONALLY,1.333333333,1,RARELY,3.0,3,FREQUENTLY,1.333333333,1,RARELY,0.5,1,RARELY,4,3,2,4.0,3,3,3,3,2,4,3,2,3,4,2,3,4,2,3,3,2,3,4,4,3,2,3,2,4,78,76-100,4,19,10.85714286,11,9-12,17,11.33333333,11,9-12,11,14.66666667,15,13-16,24,12.0,12,9-12,4 to 6 hrs per day,3,6 to 8 hrs per day,4,INCREASED,1
79,17/18,Male,2,Final yr,1,0 to 2 hours per day,1,Social media,2,2,2,0,1,1,1,1,1,4,2,1,4,1,2,1,1,2,1,2,1,31,31-49 (mild level of Internet addiction),2,2.0,2,OCCASIONALLY,1.6,2,OCCASIONALLY,2.0,2,OCCASIONALLY,1.0,1,RARELY,1.333333333,1,RARELY,0.5,1,RARELY,4,4,3,3.0,3,3,4,4,4,3,3,4,4,4,3,2,3,4,3,4,3,5,3,4,4,3,4,3,3,92,76-100,4,24,13.71428571,14,13-16,22,14.66666667,15,13-16,12,16.0,16,13-16,26,13.0,13,13-16,0 to 2 hrs per day,1,0 to 2 hrs per day,1,NO CHANGE,3
80,17/2,Male,2,Final yr,1,4 to 6 hours per day,3,Information gathering for academic purposes,4,3,1,0,1,1,2,2,2,3,2,2,3,3,3,2,1,2,2,2,1,38,31-49 (mild level of Internet addiction),2,2.4,2,OCCASIONALLY,2.0,2,OCCASIONALLY,2.333333333,2,OCCASIONALLY,2.0,2,OCCASIONALLY,1.333333333,1,RARELY,0.5,1,RARELY,4,4,3,3.0,3,3,4,4,4,4,4,4,4,4,3,3,3,4,4,4,3,4,1,3,4,4,4,3,3,93,76-100,4,25,14.28571429,14,13-16,22,14.66666667,15,13-16,8,10.66666667,11,9-12,30,15.0,15,13-16,4 to 6 hrs per day,3,4 to 6 hrs per day,3,NO CHANGE,3
81,17/23,Male,2,Final yr,1,4 to 6 hours per day,3,Online learning,1,0,0,0,0,0,0,0,0,0,1,1,3,0,0,0,0,0,0,0,1,6,0-30 (normal level of Internet usage),1,0.8,1,RARELY,0.2,0,,0.0,0,,0.5,1,RARELY,0.0,0,,0.0,0,,3,2,3,3.0,1,5,4,5,3,4,4,4,4,5,3,2,3,3,4,4,5,3,3,5,5,5,3,4,2,96,76-100,4,26,14.85714286,15,13-16,23,15.33333333,15,13-16,11,14.66666667,15,13-16,31,15.5,16,13-16,4 to 6 hrs per day,3,4 to 6 hrs per day,3,NO CHANGE,3
82,17/27,Male,2,Final yr,1,6 to 8 hours per day,4,Social media,2,5,2,0,0,1,3,4,3,1,3,3,4,1,2,2,3,5,1,2,2,47,31-49 (mild level of Internet addiction),2,2.4,2,OCCASIONALLY,2.4,2,OCCASIONALLY,2.333333333,2,OCCASIONALLY,3.5,4,OFTEN,3.0,3,FREQUENTLY,0.0,0,,4,4,3,3.0,1,5,4,4,3,3,3,3,5,5,4,3,3,2,2,3,3,3,1,3,4,5,3,2,4,89,76-100,4,21,12.0,12,9-12,23,15.33333333,15,13-16,7,9.333333333,9,9-12,30,15.0,15,13-16,6 to 8 hrs per day,4,6 to 8 hrs per day,4,NO CHANGE,3
83,17/28,Male,2,Final yr,1,more than 8 hours per day,5,Information gathering for academic purposes,4,1,1,0,0,0,0,0,2,4,2,1,3,3,1,1,1,2,2,0,0,24,0-30 (normal level of Internet usage),1,1.8,2,OCCASIONALLY,1.0,1,RARELY,2.0,2,OCCASIONALLY,0.5,1,RARELY,1.0,1,RARELY,0.0,0,,4,4,1,5.0,1,5,4,3,4,5,4,5,5,3,5,1,3,5,5,5,5,5,5,5,5,5,5,3,3,109,101-130,5,29,16.57142857,17,17-20,24,16.0,16,13-16,15,20.0,20,17-20,33,16.5,17,17-20,4 to 6 hrs per day,3,6 to 8 hrs per day,4,INCREASED,1
84,17/29,Male,2,Final yr,1,more than 8 hours per day,5,Online learning,1,1,1,0,3,3,2,0,1,4,3,1,0,0,1,1,4,2,0,1,0,28,0-30 (normal level of Internet usage),1,1.0,1,RARELY,0.6,1,RARELY,2.333333333,2,OCCASIONALLY,0.5,1,RARELY,3.0,3,FREQUENTLY,1.5,2,OCCASIONALLY,5,5,1,5.0,1,5,5,5,5,5,5,5,5,4,5,5,5,5,5,5,5,5,5,5,5,5,5,5,1,121,101-130,5,31,17.71428571,18,17-20,26,17.33333333,17,17-20,15,20.0,20,17-20,39,19.5,20,17-20,4 to 6 hrs per day,3,8 or more hrs per day,5,INCREASED,1
85,17/3,Male,2,Final yr,1,6 to 8 hours per day,4,Online learning,1,3,3,0,0,2,2,2,2,2,2,2,3,1,3,1,2,2,2,1,1,36,31-49 (mild level of Internet addiction),2,1.6,2,OCCASIONALLY,2.4,2,OCCASIONALLY,2.0,2,OCCASIONALLY,2.0,2,OCCASIONALLY,2.0,2,OCCASIONALLY,0.0,0,,4,4,3,3.0,2,4,4,4,3,3,4,3,3,3,3,3,3,3,3,3,3,3,2,3,3,4,4,4,2,84,76-100,4,22,12.57142857,13,13-16,19,12.66666667,13,13-16,8,10.66666667,11,9-12,27,13.5,14,13-16,6 to 8 hrs per day,4,6 to 8 hrs per day,4,NO CHANGE,3
86,17/30,Male,2,Final yr,1,4 to 6 hours per day,3,Communication,7,2,2,4,1,0,1,2,2,3,2,2,2,1,2,3,2,2,1,1,1,36,31-49 (mild level of Internet addiction),2,1.8,2,OCCASIONALLY,1.6,2,OCCASIONALLY,2.0,2,OCCASIONALLY,2.0,2,OCCASIONALLY,1.333333333,1,RARELY,2.5,3,FREQUENTLY,4,5,2,4.0,1,5,5,5,3,4,5,5,5,4,4,2,3,3,2,5,5,5,5,4,5,5,5,5,1,106,101-130,5,25,14.28571429,14,13-16,24,16.0,16,13-16,14,18.66666667,19,17-20,34,17.0,17,17-20,4 to 6 hrs per day,3,4 to 6 hrs per day,3,NO CHANGE,3
87,17/31,Male,2,Final yr,1,0 to 2 hours per day,1,Social media,2,2,2,0,0,2,2,0,2,1,2,3,5,2,3,1,3,3,2,2,1,38,31-49 (mild level of Internet addiction),2,2.4,2,OCCASIONALLY,2.0,2,OCCASIONALLY,1.666666667,2,OCCASIONALLY,1.5,2,OCCASIONALLY,2.666666667,3,FREQUENTLY,0.0,0,,4,4,2,4.0,1,5,5,4,4,4,4,4,4,4,4,2,4,4,4,4,4,4,3,4,3,5,5,2,4,102,101-130,5,27,15.42857143,15,13-16,25,16.66666667,17,17-20,11,14.66666667,15,13-16,31,15.5,16,13-16,0 to 2 hrs per day,1,0 to 2 hrs per day,1,NO CHANGE,3
88,17/32,Male,2,Final yr,1,4 to 6 hours per day,3,Online learning,1,0,1,5,4,0,5,0,3,0,0,0,0,0,2,0,0,2,0,2,0,24,0-30 (normal level of Internet usage),1,0.4,0,,0.6,1,RARELY,2.666666667,3,FREQUENTLY,0.0,0,,0.6666666667,1,RARELY,4.5,5,ALWAYS,2,2,2,4.0,1,5,1,1,2,3,3,2,2,1,4,1,2,2,2,2,1,1,1,3,3,3,2,4,2,55,51-75,3,17,9.714285714,10,9-12,9,6.0,6,4-8,5,6.666666667,7,4-8,20,10.0,10,9-12,4 to 6 hrs per day,3,4 to 6 hrs per day,3,NO CHANGE,3
89,17/34,Male,2,Final yr,1,4 to 6 hours per day,3,Online learning,1,2,2,0,0,1,2,1,2,3,3,1,2,3,1,1,2,1,3,3,1,34,31-49 (mild level of Internet addiction),2,2.4,2,OCCASIONALLY,1.8,2,OCCASIONALLY,2.333333333,2,OCCASIONALLY,1.0,1,RARELY,1.333333333,1,RARELY,0.0,0,,3,3,2,4.0,2,4,3,3,3,4,2,3,3,3,3,3,3,4,3,3,3,3,3,3,3,3,3,4,2,78,76-100,4,22,12.57142857,13,13-16,17,11.33333333,11,9-12,9,12.0,12,9-12,24,12.0,12,9-12,4 to 6 hrs per day,3,4 to 6 hrs per day,3,NO CHANGE,3
90,17/35,Male,2,Final yr,1,more than 8 hours per day,5,Online learning,1,2,0,2,0,5,2,0,0,2,5,2,2,1,5,1,0,5,5,0,0,39,31-49 (mild level of Internet addiction),2,1.8,2,OCCASIONALLY,2.4,2,OCCASIONALLY,1.333333333,1,RARELY,1.0,1,RARELY,3.333333333,3,FREQUENTLY,1.0,1,RARELY,4,3,1,5.0,1,5,5,4,3,5,4,1,4,3,5,5,5,3,4,3,2,4,5,3,5,4,4,2,4,98,76-100,4,22,12.57142857,13,13-16,22,14.66666667,15,13-16,12,16.0,16,13-16,35,17.5,18,17-20,8 or more hrs per day,5,8 or more hrs per day,5,NO CHANGE,3
91,17/36,Male,2,Final yr,1,6 to 8 hours per day,4,Social media,2,3,1,2,2,1,1,1,1,1,1,2,4,1,2,1,1,1,1,1,1,29,0-30 (normal level of Internet usage),1,1.6,2,OCCASIONALLY,1.6,2,OCCASIONALLY,1.0,1,RARELY,1.5,2,OCCASIONALLY,1.0,1,RARELY,2.0,2,OCCASIONALLY,2,2,1,5.0,2,4,3,3,3,2,2,2,2,2,2,2,2,2,2,2,2,2,2,2,2,2,2,2,4,58,51-75,3,15,8.571428571,9,9-12,17,11.33333333,11,9-12,6,8.0,8,4-8,16,8.0,8,4-8,NO RESPONSE,6,6 to 8 hrs per day,4,INCREASED,1
92,17/37,Male,2,Final yr,1,4 to 6 hours per day,3,Online learning,1,3,3,2,0,0,1,0,2,0,1,0,2,1,1,1,0,1,2,0,0,20,0-30 (normal level of Internet usage),1,1.0,1,RARELY,1.8,2,OCCASIONALLY,1.0,1,RARELY,0.0,0,,0.3333333333,0,,1.0,1,RARELY,3,4,4,2.0,2,4,4,4,3,4,3,4,4,4,4,4,4,5,4,4,4,4,4,4,4,4,4,3,3,101,101-130,5,29,16.57142857,17,17-20,22,14.66666667,15,13-16,12,16.0,16,13-16,31,15.5,16,13-16,4 to 6 hrs per day,3,4 to 6 hrs per day,3,NO CHANGE,3
93,17/42,Male,2,Final yr,1,6 to 8 hours per day,4,Information gathering for academic purposes,4,3,1,0,0,2,0,0,0,4,3,3,3,3,0,1,2,2,3,2,1,33,31-49 (mild level of Internet addiction),2,2.4,2,OCCASIONALLY,1.6,2,OCCASIONALLY,1.333333333,1,RARELY,1.5,2,OCCASIONALLY,2.0,2,OCCASIONALLY,0.0,0,,5,4,1,5.0,1,5,5,5,5,5,5,5,5,2,5,1,3,5,5,5,5,5,5,5,5,5,5,3,3,114,101-130,5,29,16.57142857,17,17-20,28,18.66666667,19,17-20,15,20.0,20,17-20,33,16.5,17,17-20,6 to 8 hrs per day,4,6 to 8 hrs per day,4,NO CHANGE,3
94,17/43,Male,2,Final yr,1,6 to 8 hours per day,4,Information gathering for academic purposes,4,4,3,0,0,3,1,3,3,1,2,2,2,1,1,0,2,4,2,1,0,35,31-49 (mild level of Internet addiction),2,1.2,1,RARELY,2.0,2,OCCASIONALLY,1.666666667,2,OCCASIONALLY,2.5,3,FREQUENTLY,3.0,3,FREQUENTLY,0.0,0,,3,3,4,2.0,5,1,3,5,1,4,3,2,4,2,4,2,2,2,2,2,2,3,3,3,5,3,5,3,3,76,76-100,4,15,8.571428571,9,9-12,18,12.0,12,9-12,9,12.0,12,9-12,28,14.0,14,13-16,8 or more hrs per day,5,8 or more hrs per day,5,NO CHANGE,3
95,17/44,Male,2,Final yr,1,4 to 6 hours per day,3,Online learning,1,2,1,1,1,1,2,1,2,1,1,1,1,2,4,1,3,2,1,0,1,29,0-30 (normal level of Internet usage),1,1.0,1,RARELY,1.8,2,OCCASIONALLY,1.666666667,2,OCCASIONALLY,1.0,1,RARELY,2.0,2,OCCASIONALLY,1.0,1,RARELY,4,4,4,2.0,2,4,5,5,4,5,4,5,5,5,5,5,5,3,5,4,5,4,5,4,5,5,5,1,5,119,101-130,5,30,17.14285714,17,17-20,29,19.33333333,19,17-20,13,17.33333333,17,17-20,39,19.5,20,17-20,2 to 4 hrs per day,2,6 to 8 hrs per day,4,INCREASED,1
96,17/55,Male,2,Final yr,1,0 to 2 hours per day,1,Social media,2,2,1,0,0,0,2,0,1,0,0,1,1,1,1,2,2,1,0,0,1,16,0-30 (normal level of Internet usage),1,0.8,1,RARELY,1.0,1,RARELY,1.0,1,RARELY,0.5,1,RARELY,1.0,1,RARELY,0.0,0,,4,4,4,2.0,1,5,5,3,3,4,4,3,3,2,4,2,4,4,4,3,3,3,3,4,3,3,3,2,4,91,76-100,4,27,15.42857143,15,13-16,21,14.0,14,13-16,10,13.33333333,13,13-16,25,12.5,13,13-16,0 to 2 hrs per day,1,2 to 4 hrs per day,2,INCREASED,1
97,17/6,Male,2,Final yr,1,6 to 8 hours per day,4,Information gathering for academic purposes,4,3,3,0,1,1,2,2,2,0,2,1,3,1,3,1,2,2,2,2,1,34,31-49 (mild level of Internet addiction),2,1.8,2,OCCASIONALLY,2.4,2,OCCASIONALLY,1.333333333,1,RARELY,1.5,2,OCCASIONALLY,1.666666667,2,OCCASIONALLY,0.5,1,RARELY,4,5,2,4.0,2,4,5,5,4,5,4,5,5,4,5,3,4,4,3,3,4,3,1,2,4,5,5,3,3,101,101-130,5,25,14.28571429,14,13-16,26,17.33333333,17,17-20,6,8.0,8,4-8,35,17.5,18,17-20,4 to 6 hrs per day,3,8 or more hrs per day,5,INCREASED,1
98,17/8,Male,2,Final yr,1,more than 8 hours per day,5,Streaming services/ Entertainment,8,4,3,0,0,3,5,4,5,1,3,5,4,4,5,2,5,4,3,4,4,68,50-79 (moderate level of Internet addiction),3,3.4,3,FREQUENTLY,3.8,4,OFTEN,3.666666667,4,OFTEN,4.5,5,ALWAYS,4.0,4,OFTEN,0.0,0,,3,3,1,5.0,2,4,3,3,2,3,3,3,3,4,4,3,4,3,4,3,3,4,1,4,3,4,4,4,2,81,76-100,4,22,12.57142857,13,13-16,16,10.66666667,11,9-12,9,12.0,12,9-12,28,14.0,14,13-16,8 or more hrs per day,5,8 or more hrs per day,5,NO CHANGE,3
99,17/9,Male,2,Final yr,1,0 to 2 hours per day,1,Social media,2,2,1,0,1,0,1,0,0,1,0,0,0,0,1,0,2,2,0,1,0,12,0-30 (normal level of Internet usage),1,0.2,0,,0.8,1,RARELY,0.6666666667,1,RARELY,0.0,0,,1.333333333,1,RARELY,0.5,1,RARELY,3,3,2,4.0,1,5,4,4,4,4,3,3,4,4,5,2,5,5,4,4,4,5,3,5,5,5,5,2,4,104,101-130,5,28,16.0,16,13-16,24,16.0,16,13-16,13,17.33333333,17,17-20,33,16.5,17,17-20,0 to 2 hrs per day,1,0 to 2 hrs per day,1,NO CHANGE,3
100,20/100,Male,2,First yr,2,4 to 6 hours per day,3,Social media,2,2,1,0,2,1,1,0,2,1,1,3,3,2,2,3,4,3,2,1,1,35,31-49 (mild level of Internet addiction),2,2.0,2,OCCASIONALLY,1.6,2,OCCASIONALLY,1.333333333,1,RARELY,1.5,2,OCCASIONALLY,2.666666667,3,FREQUENTLY,1.0,1,RARELY,4,3,3,,1,5,5,5,4,5,4,4,3,5,4,4,4,4,4,4,4,5,3,5,3,4,4,1,5,107,101-130,5,28,16.0,16,13-16,26,17.33333333,17,17-20,13,17.33333333,17,17-20,33,16.5,17,17-20,0 to 2 hrs per day,1,8 or more hrs per day,5,INCREASED,1
101,20/101,Male,2,First yr,2,6 to 8 hours per day,4,Social media,2,2,1,0,1,1,1,2,3,1,2,2,0,1,2,1,2,2,1,2,1,28,0-30 (normal level of Internet usage),1,1.2,1,RARELY,1.4,1,RARELY,1.666666667,2,OCCASIONALLY,2.0,2,OCCASIONALLY,1.666666667,2,OCCASIONALLY,0.5,1,RARELY,3,3,4,,2,4,3,3,3,3,3,3,2,3,3,2,3,3,3,3,2,3,1,3,3,3,3,4,2,74,51-75,3,23,13.14285714,13,13-16,15,10.0,10,9-12,7,9.333333333,9,9-12,23,11.5,12,9-12,2 to 4 hrs per day,2,6 to 8 hrs per day,4,INCREASED,1
102,20/102,Male,2,First yr,2,2 to 4 hours per day,2,Social media,2,2,2,1,1,2,1,0,1,2,2,2,3,1,1,0,2,3,1,1,0,28,0-30 (normal level of Internet usage),1,1.4,1,RARELY,1.2,1,RARELY,1.333333333,1,RARELY,1.0,1,RARELY,2.333333333,2,OCCASIONALLY,1.0,1,RARELY,4,4,3,,2,4,4,5,4,4,4,4,5,3,4,3,3,2,3,5,4,4,4,3,3,4,4,3,3,97,76-100,4,24,13.71428571,14,13-16,25,16.66666667,17,17-20,11,14.66666667,15,13-16,29,14.5,15,13-16,0 to 2 hrs per day,1,2 to 4 hrs per day,2,INCREASED,1
103,20/104,Male,2,First yr,2,4 to 6 hours per day,3,Online Gaming,6,3,3,3,3,3,3,3,4,1,2,3,4,5,3,2,4,1,2,1,2,55,50-79 (moderate level of Internet addiction),3,2.8,3,FREQUENTLY,2.6,3,FREQUENTLY,2.666666667,3,FREQUENTLY,3.0,3,FREQUENTLY,2.666666667,3,FREQUENTLY,3.0,3,FREQUENTLY,4,4,3,,4,2,4,2,4,5,1,4,3,3,4,2,3,4,5,3,5,4,4,5,2,3,4,2,4,91,76-100,4,24,13.71428571,14,13-16,22,14.66666667,15,13-16,13,17.33333333,17,17-20,24,12.0,12,9-12,4 to 6 hrs per day,3,6 to 8 hrs per day,4,INCREASED,1
104,20/105,Male,2,First yr,2,4 to 6 hours per day,3,Social media,2,3,3,2,1,5,4,2,4,4,4,5,5,3,5,4,5,4,5,3,5,76,50-79 (moderate level of Internet addiction),3,3.8,4,OFTEN,4.2,4,OFTEN,4.0,4,OFTEN,3.5,4,OFTEN,4.666666667,5,ALWAYS,1.5,2,OCCASIONALLY,4,4,2,,1,5,3,5,3,3,5,3,2,2,3,3,3,3,3,4,4,3,3,3,4,4,3,4,2,86,76-100,4,23,13.14285714,13,13-16,19,12.66666667,13,13-16,9,12.0,12,9-12,27,13.5,14,13-16,6 to 8 hrs per day,4,6 to 8 hrs per day,4,NO CHANGE,3
105,20/106,Male,2,First yr,2,4 to 6 hours per day,3,Social media,2,2,1,4,1,1,2,0,2,5,4,0,5,1,3,3,3,2,0,2,1,42,31-49 (mild level of Internet addiction),2,3.0,3,FREQUENTLY,1.4,1,RARELY,3.0,3,FREQUENTLY,0.0,0,,2.0,2,OCCASIONALLY,2.5,3,FREQUENTLY,3,2,4,,1,5,2,2,1,3,4,2,1,5,2,2,2,1,2,3,2,5,5,5,4,4,5,3,3,79,76-100,4,19,10.85714286,11,9-12,11,7.333333333,7,4-8,15,20.0,20,17-20,29,14.5,15,13-16,4 to 6 hrs per day,3,4 to 6 hrs per day,3,NO CHANGE,3
106,20/107,Male,2,First yr,2,0 to 2 hours per day,1,Streaming services/ Entertainment,8,3,2,0,0,3,2,1,2,2,1,1,1,2,2,1,2,2,1,1,1,30,0-30 (normal level of Internet usage),1,1.2,1,RARELY,1.8,2,OCCASIONALLY,2.0,2,OCCASIONALLY,1.0,1,RARELY,2.333333333,2,OCCASIONALLY,0.0,0,,4,3,5,,1,5,5,4,4,5,4,5,5,4,3,2,3,4,3,3,3,1,1,5,4,4,4,2,4,97,76-100,4,28,16.0,16,13-16,25,16.66666667,17,17-20,7,9.333333333,9,9-12,30,15.0,15,13-16,0 to 2 hrs per day,1,2 to 4 hrs per day,2,INCREASED,1
107,20/108,Male,2,First yr,2,2 to 4 hours per day,2,Streaming services/ Entertainment,8,4,4,3,1,1,4,0,5,2,4,0,0,4,1,2,1,5,4,5,2,52,50-79 (moderate level of Internet addiction),3,3.0,3,FREQUENTLY,3.0,3,FREQUENTLY,3.666666667,4,OFTEN,0.0,0,,2.333333333,2,OCCASIONALLY,2.0,2,OCCASIONALLY,3,3,2,,1,5,3,5,4,5,2,1,5,5,3,2,2,4,2,2,1,3,1,3,4,5,3,2,4,82,76-100,4,18,10.28571429,10,9-12,22,14.66666667,15,13-16,7,9.333333333,9,9-12,29,14.5,15,13-16,2 to 4 hrs per day,2,2 to 4 hrs per day,2,NO CHANGE,3
108,20/109,Male,2,First yr,2,6 to 8 hours per day,4,Online Gaming,6,2,2,0,1,3,2,1,1,2,4,2,1,4,1,2,3,2,1,4,1,39,31-49 (mild level of Internet addiction),2,3.0,3,FREQUENTLY,1.4,1,RARELY,1.666666667,2,OCCASIONALLY,1.5,2,OCCASIONALLY,2.666666667,3,FREQUENTLY,0.5,1,RARELY,3,4,4,,1,5,4,5,3,3,2,2,5,4,4,3,3,4,4,4,4,2,1,2,4,4,3,3,3,89,76-100,4,26,14.85714286,15,13-16,24,16.0,16,13-16,5,6.666666667,7,4-8,27,13.5,14,13-16,6 to 8 hrs per day,4,6 to 8 hrs per day,4,NO CHANGE,3
109,20/11,Male,2,First yr,2,6 to 8 hours per day,4,Information gathering for academic purposes,4,2,1,1,1,2,2,1,5,1,1,1,1,1,2,2,2,3,2,1,1,33,31-49 (mild level of Internet addiction),2,1.2,1,RARELY,1.6,2,OCCASIONALLY,2.666666667,3,FREQUENTLY,1.0,1,RARELY,2.333333333,2,OCCASIONALLY,1.0,1,RARELY,3,3,3,,5,1,1,3,3,3,3,3,3,2,3,3,3,3,3,3,3,2,1,1,3,3,3,3,3,68,51-75,3,19,10.85714286,11,9-12,16,10.66666667,11,9-12,4,5.333333333,5,4-8,23,11.5,12,9-12,4 to 6 hrs per day,3,2 to 4 hrs per day,2,DECREASED,2
110,20/110,Male,2,First yr,2,2 to 4 hours per day,2,Online learning,1,3,3,2,3,2,1,4,1,5,2,3,1,3,2,2,0,2,1,3,2,45,31-49 (mild level of Internet addiction),2,2.2,2,OCCASIONALLY,2.2,2,OCCASIONALLY,2.333333333,2,OCCASIONALLY,3.5,4,OFTEN,1.333333333,1,RARELY,2.5,3,FREQUENTLY,5,4,2,,3,3,4,3,2,3,3,4,4,3,4,3,2,1,5,3,4,2,4,3,3,4,2,4,2,82,76-100,4,20,11.42857143,11,9-12,19,12.66666667,13,13-16,9,12.0,12,9-12,25,12.5,13,13-16,2 to 4 hrs per day,2,2 to 4 hrs per day,2,NO CHANGE,3
111,20/111,Male,2,First yr,2,4 to 6 hours per day,3,Social media,2,3,3,1,1,4,2,1,4,4,3,1,4,3,5,4,4,4,5,3,2,61,50-79 (moderate level of Internet addiction),3,3.4,3,FREQUENTLY,3.6,4,OFTEN,3.333333333,3,FREQUENTLY,1.0,1,RARELY,4.0,4,OFTEN,1.0,1,RARELY,4,2,4,,1,5,4,4,2,3,3,4,3,3,2,4,4,4,5,5,5,4,1,3,4,4,4,2,4,94,76-100,4,31,17.71428571,18,17-20,22,14.66666667,15,13-16,8,10.66666667,11,9-12,27,13.5,14,13-16,4 to 6 hrs per day,3,6 to 8 hrs per day,4,INCREASED,1
112,20/112,Male,2,First yr,2,0 to 2 hours per day,1,Social media,2,5,2,1,1,2,5,1,5,4,4,4,4,4,3,4,4,4,5,2,4,68,50-79 (moderate level of Internet addiction),3,3.6,4,OFTEN,3.8,4,OFTEN,4.666666667,5,ALWAYS,2.5,3,FREQUENTLY,3.333333333,3,FREQUENTLY,1.0,1,RARELY,3,4,1,,2,4,3,5,3,4,4,4,4,3,4,1,2,4,3,2,2,2,2,3,3,3,2,4,2,77,76-100,4,20,11.42857143,11,9-12,19,12.66666667,13,13-16,7,9.333333333,9,9-12,24,12.0,12,9-12,0 to 2 hrs per day,1,4 to 6 hrs per day,3,INCREASED,1
113,20/113,Male,2,First yr,2,2 to 4 hours per day,2,Social media,2,4,2,0,1,2,3,0,2,1,1,0,0,1,2,1,3,2,2,0,1,28,0-30 (normal level of Internet usage),1,0.6,1,RARELY,2.2,2,OCCASIONALLY,2.0,2,OCCASIONALLY,0.0,0,,2.333333333,2,OCCASIONALLY,0.5,1,RARELY,3,4,4,,1,5,4,3,3,4,4,4,3,4,3,2,4,4,3,4,5,5,4,5,5,5,5,2,4,103,101-130,5,28,16.0,16,13-16,22,14.66666667,15,13-16,14,18.66666667,19,17-20,32,16.0,16,13-16,0 to 2 hrs per day,1,2 to 4 hrs per day,2,INCREASED,1
114,20/114,Male,2,First yr,2,2 to 4 hours per day,2,Social media,2,4,3,0,1,4,1,2,0,3,1,2,5,4,3,2,4,5,1,1,3,49,31-49 (mild level of Internet addiction),2,2.6,3,FREQUENTLY,2.8,3,FREQUENTLY,1.333333333,1,RARELY,2.0,2,OCCASIONALLY,4.333333333,4,OFTEN,0.5,1,RARELY,5,3,4,,2,4,5,5,3,5,5,5,4,5,5,4,4,5,4,3,4,5,3,4,5,5,5,4,2,111,101-130,5,29,16.57142857,17,17-20,23,15.33333333,15,13-16,12,16.0,16,13-16,39,19.5,20,17-20,0 to 2 hrs per day,1,2 to 4 hrs per day,2,INCREASED,1
115,20/115,Male,2,First yr,2,more than 8 hours per day,5,Social media,2,5,4,5,0,3,5,0,4,5,3,3,4,1,1,2,3,5,4,4,3,64,50-79 (moderate level of Internet addiction),3,2.8,3,FREQUENTLY,3.4,3,FREQUENTLY,4.666666667,5,ALWAYS,1.5,2,OCCASIONALLY,3.666666667,4,OFTEN,2.5,3,FREQUENTLY,2,3,3,,3,3,2,2,2,2,3,3,3,2,2,2,2,3,2,2,1,4,2,2,2,2,3,3,3,62,51-75,3,18,10.28571429,10,9-12,13,8.666666667,9,9-12,8,10.66666667,11,9-12,18,9.0,9,9-12,8 or more hrs per day,5,8 or more hrs per day,5,NO CHANGE,3
116,20/120,Male,2,First yr,2,2 to 4 hours per day,2,Browsing,5,2,2,4,4,1,1,3,2,1,2,1,2,0,0,3,3,1,2,2,2,38,31-49 (mild level of Internet addiction),2,1.8,2,OCCASIONALLY,1.6,2,OCCASIONALLY,1.333333333,1,RARELY,2.0,2,OCCASIONALLY,1.666666667,2,OCCASIONALLY,4.0,4,OFTEN,4,4,2,,3,3,4,4,4,4,4,5,4,3,4,4,4,4,4,4,4,4,4,4,4,4,4,4,2,99,76-100,4,26,14.85714286,15,13-16,22,14.66666667,15,13-16,12,16.0,16,13-16,31,15.5,16,13-16,8 or more hrs per day,5,6 to 8 hrs per day,4,DECREASED,2
117,20/121,Male,2,First yr,2,0 to 2 hours per day,1,Social media,2,2,1,4,5,5,0,3,4,5,3,2,1,5,2,2,5,2,5,1,5,62,50-79 (moderate level of Internet addiction),3,2.4,2,OCCASIONALLY,3.0,3,FREQUENTLY,3.0,3,FREQUENTLY,2.5,3,FREQUENTLY,4.0,4,OFTEN,4.5,5,ALWAYS,5,3,1,,2,4,5,5,3,5,2,2,2,5,5,3,2,2,2,3,3,2,1,3,4,5,3,5,1,81,76-100,4,16,9.142857143,9,9-12,19,12.66666667,13,13-16,6,8.0,8,4-8,32,16.0,16,13-16,2 to 4 hrs per day,2,0 to 2 hrs per day,1,DECREASED,2
118,20/122,Male,2,First yr,2,0 to 2 hours per day,1,Social media,2,2,1,2,1,1,1,1,1,1,1,1,1,2,1,2,2,3,2,2,2,30,0-30 (normal level of Internet usage),1,1.6,2,OCCASIONALLY,1.6,2,OCCASIONALLY,1.0,1,RARELY,1.0,1,RARELY,2.0,2,OCCASIONALLY,1.5,2,OCCASIONALLY,2,2,3,,2,4,2,2,2,3,2,2,2,3,4,2,2,2,3,2,3,2,3,2,3,3,2,2,4,66,51-75,3,18,10.28571429,10,9-12,15,10.0,10,9-12,7,9.333333333,9,9-12,22,11.0,11,9-12,0 to 2 hrs per day,1,0 to 2 hrs per day,1,NO CHANGE,3
119,20/123,Male,2,First yr,2,0 to 2 hours per day,1,Information gathering for academic purposes,4,1,2,1,0,0,0,1,0,0,1,1,2,2,0,0,0,3,1,0,0,15,0-30 (normal level of Internet usage),1,1.0,1,RARELY,0.8,1,RARELY,0.0,0,,1.0,1,RARELY,1.0,1,RARELY,0.5,1,RARELY,5,5,1,,1,5,5,5,5,5,5,5,5,4,4,3,2,4,5,5,5,4,5,4,5,5,5,3,3,114,101-130,5,27,15.42857143,15,13-16,28,18.66666667,19,17-20,13,17.33333333,17,17-20,36,18.0,18,17-20,4 to 6 hrs per day,3,4 to 6 hrs per day,3,NO CHANGE,3
120,20/124,Male,2,First yr,2,0 to 2 hours per day,1,Online learning,1,2,0,0,0,1,0,2,1,2,1,0,1,1,1,0,1,1,0,1,0,15,0-30 (normal level of Internet usage),1,0.8,1,RARELY,0.6,1,RARELY,1.0,1,RARELY,1.0,1,RARELY,1.0,1,RARELY,0.0,0,,4,2,4,,4,2,4,5,4,3,3,4,4,4,4,2,3,3,4,4,4,1,1,3,4,4,3,3,3,86,76-100,4,24,13.71428571,14,13-16,24,16.0,16,13-16,5,6.666666667,7,4-8,27,13.5,14,13-16,0 to 2 hrs per day,1,0 to 2 hrs per day,1,NO CHANGE,3
121,20/125,Male,2,First yr,2,2 to 4 hours per day,2,Social media,2,4,1,0,0,4,2,1,2,2,4,2,4,1,2,2,2,3,1,3,3,43,31-49 (mild level of Internet addiction),2,2.8,3,FREQUENTLY,2.2,2,OCCASIONALLY,2.0,2,OCCASIONALLY,1.5,2,OCCASIONALLY,3.0,3,FREQUENTLY,0.0,0,,2,1,2,,3,3,4,1,2,3,3,2,3,5,4,2,3,3,3,3,2,1,1,5,1,4,1,4,2,66,51-75,3,19,10.85714286,11,9-12,14,9.333333333,9,9-12,7,9.333333333,9,9-12,23,11.5,12,9-12,2 to 4 hrs per day,2,8 or more hrs per day,5,INCREASED,1
122,20/127,Male,2,First yr,2,6 to 8 hours per day,4,Social media,2,3,2,1,4,5,4,1,4,5,3,4,2,0,4,1,3,1,0,2,1,50,50-79 (moderate level of Internet addiction),3,1.6,2,OCCASIONALLY,2.0,2,OCCASIONALLY,4.333333333,4,OFTEN,2.5,3,FREQUENTLY,3.0,3,FREQUENTLY,2.5,3,FREQUENTLY,2,2,1,,3,3,3,2,2,3,1,1,5,3,3,3,3,1,1,2,3,2,1,5,2,2,2,4,2,60,51-75,3,12,6.857142857,7,4-8,17,11.33333333,11,9-12,8,10.66666667,11,9-12,19,9.5,10,9-12,8 or more hrs per day,5,6 to 8 hrs per day,4,DECREASED,2
123,20/128,Male,2,First yr,2,2 to 4 hours per day,2,Social media,2,4,2,0,0,0,5,0,5,3,3,3,1,0,2,3,4,3,0,3,3,44,31-49 (mild level of Internet addiction),2,2.0,2,OCCASIONALLY,2.2,2,OCCASIONALLY,4.333333333,4,OFTEN,1.5,2,OCCASIONALLY,2.333333333,2,OCCASIONALLY,0.0,0,,3,2,4,,1,5,3,3,2,4,4,3,3,4,5,2,3,3,2,2,3,4,3,4,3,4,4,3,3,85,76-100,4,22,12.57142857,13,13-16,17,11.33333333,11,9-12,11,14.66666667,15,13-16,30,15.0,15,13-16,0 to 2 hrs per day,1,2 to 4 hrs per day,2,INCREASED,1
124,20/130,Male,2,First yr,2,2 to 4 hours per day,2,Social media,2,0,0,0,0,0,0,0,0,0,0,1,0,0,0,1,0,0,0,0,0,2,0-30 (normal level of Internet usage),1,0.2,0,,0.0,0,,0.0,0,,0.5,1,RARELY,0.0,0,,0.0,0,,5,5,5,,1,5,1,1,5,3,5,5,5,3,4,2,2,4,5,5,5,1,1,5,4,4,4,4,2,96,76-100,4,31,17.71428571,18,17-20,19,12.66666667,13,13-16,7,9.333333333,9,9-12,29,14.5,15,13-16,2 to 4 hrs per day,2,2 to 4 hrs per day,2,NO CHANGE,3
125,20/131,Male,2,First yr,2,more than 8 hours per day,5,Browsing,5,3,3,0,0,1,1,2,2,1,1,2,2,1,2,2,2,3,2,4,1,35,31-49 (mild level of Internet addiction),2,2.0,2,OCCASIONALLY,2.2,2,OCCASIONALLY,1.333333333,1,RARELY,2.0,2,OCCASIONALLY,2.0,2,OCCASIONALLY,0.0,0,,4,3,2,,3,3,5,4,4,4,4,5,4,4,4,3,4,4,4,4,4,4,3,5,4,4,4,3,3,100,76-100,4,26,14.85714286,15,13-16,24,16.0,16,13-16,12,16.0,16,13-16,31,15.5,16,13-16,2 to 4 hrs per day,2,6 to 8 hrs per day,4,INCREASED,1
126,20/135,Male,2,First yr,2,4 to 6 hours per day,3,Online learning,1,3,1,0,1,2,2,2,2,1,3,2,2,1,3,1,2,3,2,1,2,36,31-49 (mild level of Internet addiction),2,1.6,2,OCCASIONALLY,2.2,2,OCCASIONALLY,1.666666667,2,OCCASIONALLY,2.0,2,OCCASIONALLY,2.333333333,2,OCCASIONALLY,0.5,1,RARELY,3,3,5,,1,5,3,3,3,3,2,2,3,3,2,3,3,3,3,2,3,3,2,4,3,4,4,3,3,80,76-100,4,23,13.14285714,13,13-16,18,12.0,12,9-12,9,12.0,12,9-12,24,12.0,12,9-12,2 to 4 hrs per day,2,4 to 6 hrs per day,3,INCREASED,1
127,20/136,Male,2,First yr,2,4 to 6 hours per day,3,Online Gaming,6,3,2,1,1,2,2,0,0,1,2,2,5,2,2,2,3,5,4,1,1,41,31-49 (mild level of Internet addiction),2,2.4,2,OCCASIONALLY,2.4,2,OCCASIONALLY,1.0,1,RARELY,1.0,1,RARELY,3.333333333,3,FREQUENTLY,1.0,1,RARELY,3,2,3,,1,5,4,3,2,3,2,2,2,3,2,2,3,4,3,3,3,4,4,4,3,3,3,3,3,78,76-100,4,23,13.14285714,13,13-16,17,11.33333333,11,9-12,12,16.0,16,13-16,21,10.5,11,9-12,2 to 4 hrs per day,2,4 to 6 hrs per day,3,INCREASED,1
128,20/137,Male,2,First yr,2,2 to 4 hours per day,2,Social media,2,3,1,2,5,1,1,2,1,0,0,5,3,1,2,2,5,5,0,1,4,44,31-49 (mild level of Internet addiction),2,1.4,1,RARELY,2.0,2,OCCASIONALLY,0.6666666667,1,RARELY,3.5,4,OFTEN,3.666666667,4,OFTEN,3.5,4,OFTEN,4,3,4,,2,4,5,5,3,5,3,3,5,3,3,5,3,3,4,4,5,4,3,5,3,4,3,2,4,100,76-100,4,25,14.28571429,14,13-16,27,18.0,18,17-20,12,16.0,16,13-16,29,14.5,15,13-16,4 to 6 hrs per day,3,4 to 6 hrs per day,3,NO CHANGE,3
129,20/138,Male,2,First yr,2,0 to 2 hours per day,1,Online Gaming,6,1,2,4,5,1,1,1,1,1,1,1,3,1,1,1,1,1,1,1,2,31,31-49 (mild level of Internet addiction),2,1.4,1,RARELY,1.4,1,RARELY,1.0,1,RARELY,1.0,1,RARELY,1.0,1,RARELY,4.5,5,ALWAYS,3,1,4,,1,5,3,2,2,3,3,4,1,5,4,3,3,4,4,3,2,2,2,4,3,4,3,3,3,80,76-100,4,27,15.42857143,15,13-16,13,8.666666667,9,9-12,8,10.66666667,11,9-12,28,14.0,14,13-16,4 to 6 hrs per day,3,2 to 4 hrs per day,2,DECREASED,2
130,20/139,Male,2,First yr,2,6 to 8 hours per day,4,Study,8,2,2,2,1,2,1,2,0,5,4,3,2,3,1,4,3,4,2,1,3,47,31-49 (mild level of Internet addiction),2,2.8,3,FREQUENTLY,2.0,2,OCCASIONALLY,2.0,2,OCCASIONALLY,2.5,3,FREQUENTLY,3.0,3,FREQUENTLY,1.5,2,OCCASIONALLY,1,5,1,,2,4,2,2,2,2,4,3,4,3,5,3,3,3,4,3,4,3,4,3,2,1,1,1,5,77,76-100,4,21,12.0,12,9-12,19,12.66666667,13,13-16,10,13.33333333,13,13-16,21,10.5,11,9-12,2 to 4 hrs per day,2,4 to 6 hrs per day,3,INCREASED,1
131,20/14,Male,2,First yr,2,4 to 6 hours per day,3,Social media,2,4,4,3,2,4,4,4,3,3,3,4,4,3,2,4,3,4,4,3,3,68,50-79 (moderate level of Internet addiction),3,3.4,3,FREQUENTLY,3.4,3,FREQUENTLY,3.333333333,3,FREQUENTLY,4.0,4,OFTEN,3.666666667,4,OFTEN,2.5,3,FREQUENTLY,3,4,4,,4,2,2,3,3,4,3,3,5,3,4,3,4,3,3,4,4,3,4,4,3,4,3,3,3,88,76-100,4,23,13.14285714,13,13-16,20,13.33333333,13,13-16,11,14.66666667,15,13-16,27,13.5,14,13-16,4 to 6 hrs per day,3,8 or more hrs per day,5,INCREASED,1
132,20/15,Male,2,First yr,2,0 to 2 hours per day,1,Social media,2,3,3,2,1,1,2,3,2,2,3,2,2,2,2,2,2,1,1,1,2,39,31-49 (mild level of Internet addiction),2,2.0,2,OCCASIONALLY,2.2,2,OCCASIONALLY,2.0,2,OCCASIONALLY,2.5,3,FREQUENTLY,1.333333333,1,RARELY,1.5,2,OCCASIONALLY,3,3,3,,1,5,2,3,1,2,3,2,3,1,2,1,1,2,2,2,1,1,1,2,2,2,2,3,3,55,51-75,3,17,9.714285714,10,9-12,13,8.666666667,9,9-12,4,5.333333333,5,4-8,15,7.5,8,4-8,8 or more hrs per day,5,4 to 6 hrs per day,3,DECREASED,2
133,20/17,Male,2,First yr,2,2 to 4 hours per day,2,Streaming services/ Entertainment,8,2,2,0,1,2,1,0,0,4,1,1,0,0,0,0,1,1,0,0,0,16,0-30 (normal level of Internet usage),1,0.2,0,,0.8,1,RARELY,1.666666667,2,OCCASIONALLY,0.5,1,RARELY,1.333333333,1,RARELY,0.5,1,RARELY,3,2,3,,3,3,3,3,2,3,3,4,1,3,3,4,3,4,4,4,3,4,4,4,4,4,4,1,5,87,76-100,4,25,14.28571429,14,13-16,17,11.33333333,11,9-12,12,16.0,16,13-16,28,14.0,14,13-16,0 to 2 hrs per day,1,2 to 4 hrs per day,2,INCREASED,1
134,20/2,Male,2,First yr,2,2 to 4 hours per day,2,Social media,2,3,3,2,1,2,3,3,4,4,5,1,2,3,5,5,5,5,4,4,2,66,50-79 (moderate level of Internet addiction),3,3.8,4,OFTEN,3.4,3,FREQUENTLY,3.666666667,4,OFTEN,2.0,2,OCCASIONALLY,4.0,4,OFTEN,1.5,2,OCCASIONALLY,4,3,3,,1,5,3,3,3,4,4,4,2,5,5,4,3,3,3,4,4,4,3,5,4,4,4,4,2,95,76-100,4,25,14.28571429,14,13-16,17,11.33333333,11,9-12,12,16.0,16,13-16,34,17.0,17,17-20,2 to 4 hrs per day,2,2 to 4 hrs per day,2,NO CHANGE,3
135,20/21,Male,2,First yr,2,4 to 6 hours per day,3,Social media,2,5,4,2,1,4,2,5,2,5,4,4,5,1,3,3,4,4,4,2,2,66,50-79 (moderate level of Internet addiction),3,3.0,3,FREQUENTLY,3.6,4,OFTEN,3.0,3,FREQUENTLY,4.5,5,ALWAYS,4.0,4,OFTEN,1.5,2,OCCASIONALLY,4,2,2,,1,5,3,3,2,5,4,3,4,4,5,3,2,4,3,4,3,1,3,5,5,5,5,4,2,91,76-100,4,23,13.14285714,13,13-16,17,11.33333333,11,9-12,9,12.0,12,9-12,36,18.0,18,17-20,0 to 2 hrs per day,1,6 to 8 hrs per day,4,INCREASED,1
136,20/22,Male,2,First yr,2,2 to 4 hours per day,2,Streaming services/ Entertainment,8,4,4,1,1,1,2,3,2,4,3,3,1,2,2,0,4,3,1,1,1,43,31-49 (mild level of Internet addiction),2,1.4,1,RARELY,2.4,2,OCCASIONALLY,2.666666667,3,FREQUENTLY,3.0,3,FREQUENTLY,2.666666667,3,FREQUENTLY,1.0,1,RARELY,4,4,4,,1,5,4,5,3,3,3,3,4,2,4,2,4,5,3,3,3,4,5,5,4,3,3,4,2,94,76-100,4,27,15.42857143,15,13-16,21,14.0,14,13-16,14,18.66666667,19,17-20,24,12.0,12,9-12,6 to 8 hrs per day,4,2 to 4 hrs per day,2,DECREASED,2
137,20/23,Male,2,First yr,2,more than 8 hours per day,5,Social media,2,5,5,0,0,5,5,5,5,3,5,5,5,5,5,5,5,5,5,5,5,88,80-100 (severe dependence upon the Internet),4,5.0,5,ALWAYS,5.0,5,ALWAYS,4.333333333,4,OFTEN,5.0,5,ALWAYS,5.0,5,ALWAYS,0.0,0,,3,3,5,,2,4,3,3,2,5,3,5,3,5,5,5,5,5,3,3,3,1,1,3,5,5,5,5,1,94,76-100,4,30,17.14285714,17,17-20,15,10.0,10,9-12,5,6.666666667,7,4-8,38,19.0,19,17-20,8 or more hrs per day,5,8 or more hrs per day,5,NO CHANGE,3
138,20/24,Male,2,First yr,2,6 to 8 hours per day,4,Social media,2,4,3,0,0,2,4,1,3,2,3,2,3,4,2,5,3,4,2,5,3,55,50-79 (moderate level of Internet addiction),3,4.0,4,OFTEN,2.8,3,FREQUENTLY,3.0,3,FREQUENTLY,1.5,2,OCCASIONALLY,3.0,3,FREQUENTLY,0.0,0,,3,2,3,,1,5,4,4,3,4,3,3,5,4,4,4,3,3,4,4,4,4,4,3,4,3,4,2,4,95,76-100,4,25,14.28571429,14,13-16,24,16.0,16,13-16,11,14.66666667,15,13-16,30,15.0,15,13-16,0 to 2 hrs per day,1,6 to 8 hrs per day,4,INCREASED,1
139,20/25,Male,2,First yr,2,0 to 2 hours per day,1,Social media,2,2,1,0,0,1,0,0,2,4,4,2,1,2,1,1,4,2,3,0,1,31,31-49 (mild level of Internet addiction),2,1.6,2,OCCASIONALLY,1.6,2,OCCASIONALLY,2.0,2,OCCASIONALLY,1.0,1,RARELY,2.333333333,2,OCCASIONALLY,0.0,0,,4,3,1,,1,5,4,4,4,4,3,3,3,5,4,3,4,2,2,5,4,1,1,4,4,2,4,1,5,88,76-100,4,22,12.57142857,13,13-16,24,16.0,16,13-16,6,8.0,8,4-8,29,14.5,15,13-16,0 to 2 hrs per day,1,2 to 4 hrs per day,2,INCREASED,1
140,20/27,Male,2,First yr,2,more than 8 hours per day,5,Social media,2,5,5,0,5,5,5,1,5,5,5,5,5,5,5,5,5,5,5,5,5,91,80-100 (severe dependence upon the Internet),4,5.0,5,ALWAYS,5.0,5,ALWAYS,5.0,5,ALWAYS,3.0,3,FREQUENTLY,5.0,5,ALWAYS,2.5,3,FREQUENTLY,5,5,1,,3,3,5,5,4,5,4,5,5,5,4,5,4,4,5,5,4,4,5,5,4,4,4,4,2,111,101-130,5,27,15.42857143,15,13-16,25,16.66666667,17,17-20,14,18.66666667,19,17-20,35,17.5,18,17-20,8 or more hrs per day,5,8 or more hrs per day,5,NO CHANGE,3
141,20/29,Male,2,First yr,2,2 to 4 hours per day,2,Browsing,5,2,2,0,0,1,1,0,0,1,4,1,3,0,1,1,1,3,1,0,2,24,0-30 (normal level of Internet usage),1,1.6,2,OCCASIONALLY,1.6,2,OCCASIONALLY,0.6666666667,1,RARELY,0.5,1,RARELY,1.666666667,2,OCCASIONALLY,0.0,0,,4,3,4,,1,5,5,4,3,4,3,2,3,2,5,3,3,5,3,3,4,4,5,4,5,4,5,4,2,97,76-100,4,25,14.28571429,14,13-16,21,14.0,14,13-16,13,17.33333333,17,17-20,31,15.5,16,13-16,2 to 4 hrs per day,2,2 to 4 hrs per day,2,NO CHANGE,3
142,20/3,Male,2,First yr,2,6 to 8 hours per day,4,Social media,2,5,5,1,4,4,4,5,0,4,3,4,3,1,5,4,5,4,5,1,2,69,50-79 (moderate level of Internet addiction),3,2.4,2,OCCASIONALLY,4.4,4,OFTEN,2.666666667,3,FREQUENTLY,4.5,5,ALWAYS,4.333333333,4,OFTEN,2.5,3,FREQUENTLY,5,2,2,,1,5,4,1,2,4,4,2,3,5,5,3,3,3,2,1,1,4,1,4,4,4,5,4,2,81,76-100,4,18,10.28571429,10,9-12,13,8.666666667,9,9-12,9,12.0,12,9-12,34,17.0,17,17-20,2 to 4 hrs per day,2,6 to 8 hrs per day,4,INCREASED,1
143,20/30,Male,2,First yr,2,4 to 6 hours per day,3,Social media,2,5,4,0,1,2,4,1,3,2,3,2,3,3,2,3,1,3,2,2,2,48,31-49 (mild level of Internet addiction),2,2.8,3,FREQUENTLY,3.0,3,FREQUENTLY,3.0,3,FREQUENTLY,1.5,2,OCCASIONALLY,2.0,2,OCCASIONALLY,0.5,1,RARELY,5,5,3,,1,5,5,3,4,4,4,3,2,3,4,3,4,3,4,5,5,2,1,5,4,4,3,4,2,95,76-100,4,27,15.42857143,15,13-16,21,14.0,14,13-16,8,10.66666667,11,9-12,29,14.5,15,13-16,8 or more hrs per day,5,6 to 8 hrs per day,4,DECREASED,2
144,20/31,Male,2,First yr,2,2 to 4 hours per day,2,Social media,2,2,2,3,1,4,4,2,2,3,3,4,1,0,3,2,3,5,2,4,5,55,50-79 (moderate level of Internet addiction),3,2.0,2,OCCASIONALLY,2.8,3,FREQUENTLY,3.0,3,FREQUENTLY,3.0,3,FREQUENTLY,4.0,4,OFTEN,2.0,2,OCCASIONALLY,3,5,3,,3,3,3,2,2,3,1,3,2,3,3,1,3,3,3,2,2,2,3,2,2,3,1,2,4,67,51-75,3,20,11.42857143,11,9-12,15,10.0,10,9-12,7,9.333333333,9,9-12,17,8.5,9,9-12,2 to 4 hrs per day,2,0 to 2 hrs per day,1,DECREASED,2
145,20/32,Male,2,First yr,2,0 to 2 hours per day,1,Information gathering for academic purposes,4,1,1,1,1,1,1,1,1,1,1,1,1,1,1,1,1,1,1,1,1,20,0-30 (normal level of Internet usage),1,1.0,1,RARELY,1.0,1,RARELY,1.0,1,RARELY,1.0,1,RARELY,1.0,1,RARELY,1.0,1,RARELY,3,3,3,,3,3,3,3,3,3,3,3,3,3,3,3,3,3,3,3,3,3,3,3,3,3,3,3,3,78,76-100,4,21,12.0,12,9-12,18,12.0,12,9-12,9,12.0,12,9-12,24,12.0,12,9-12,2 to 4 hrs per day,2,0 to 2 hrs per day,1,DECREASED,2
146,20/33,Male,2,First yr,2,4 to 6 hours per day,3,"For academic and social media,  watching series ",8,3,2,1,2,2,3,0,5,1,2,5,0,1,0,4,5,4,1,5,0,46,31-49 (mild level of Internet addiction),2,2.4,2,OCCASIONALLY,1.2,1,RARELY,3.0,3,FREQUENTLY,2.5,3,FREQUENTLY,3.666666667,4,OFTEN,1.5,2,OCCASIONALLY,4,3,2,,1,5,3,4,3,4,5,3,1,3,3,2,2,4,3,3,3,3,1,2,4,5,1,4,2,78,76-100,4,22,12.57142857,13,13-16,16,10.66666667,11,9-12,6,8.0,8,4-8,27,13.5,14,13-16,0 to 2 hrs per day,1,2 to 4 hrs per day,2,INCREASED,1
147,20/34,Male,2,First yr,2,2 to 4 hours per day,2,Streaming services/ Entertainment,8,3,2,4,1,3,3,2,4,5,4,3,2,2,4,3,4,5,1,0,1,56,50-79 (moderate level of Internet addiction),3,2.2,2,OCCASIONALLY,2.2,2,OCCASIONALLY,4.0,4,OFTEN,2.5,3,FREQUENTLY,4.0,4,OFTEN,2.5,3,FREQUENTLY,3,3,4,,2,4,2,3,3,4,3,2,2,2,5,3,2,4,3,3,4,2,4,4,1,2,2,4,2,76,76-100,4,22,12.57142857,13,13-16,16,10.66666667,11,9-12,10,13.33333333,13,13-16,22,11.0,11,9-12,0 to 2 hrs per day,1,0 to 2 hrs per day,1,NO CHANGE,3
148,20/37,Male,2,First yr,2,4 to 6 hours per day,3,Streaming services/ Entertainment,8,2,3,2,4,1,5,2,5,1,3,3,1,1,4,0,2,2,5,2,0,48,31-49 (mild level of Internet addiction),2,1.4,1,RARELY,2.8,3,FREQUENTLY,3.666666667,4,OFTEN,2.5,3,FREQUENTLY,1.666666667,2,OCCASIONALLY,3.0,3,FREQUENTLY,3,3,4,,1,5,4,3,3,4,4,2,3,2,3,3,4,2,2,3,3,1,1,5,3,4,3,3,3,80,76-100,4,22,12.57142857,13,13-16,19,12.66666667,13,13-16,7,9.333333333,9,9-12,26,13.0,13,13-16,4 to 6 hrs per day,3,2 to 4 hrs per day,2,DECREASED,2
149,20/38,Male,2,First yr,2,2 to 4 hours per day,2,Social media,2,2,2,0,0,2,1,1,1,2,1,2,3,1,2,1,3,2,2,2,3,33,31-49 (mild level of Internet addiction),2,1.6,2,OCCASIONALLY,2.2,2,OCCASIONALLY,1.333333333,1,RARELY,1.5,2,OCCASIONALLY,2.333333333,2,OCCASIONALLY,0.0,0,,1,1,1,,3,3,1,1,3,1,1,1,3,1,2,1,3,1,1,1,1,1,1,1,1,1,1,5,1,35,26-50,2,11,6.285714286,6,4-8,10,6.666666667,7,4-8,3,4.0,4,4-8,9,4.5,5,4-8,8 or more hrs per day,5,2 to 4 hrs per day,2,DECREASED,2
150,20/39,Male,2,First yr,2,4 to 6 hours per day,3,Social media,2,4,3,2,2,0,2,3,3,2,3,3,3,3,3,3,4,4,2,4,2,55,50-79 (moderate level of Internet addiction),3,3.2,3,FREQUENTLY,2.8,3,FREQUENTLY,2.333333333,2,OCCASIONALLY,3.0,3,FREQUENTLY,2.666666667,3,FREQUENTLY,2.0,2,OCCASIONALLY,3,3,3,,1,5,3,3,2,3,3,3,3,3,4,2,3,4,3,3,3,3,3,3,3,3,3,3,3,80,76-100,4,24,13.71428571,14,13-16,17,11.33333333,11,9-12,9,12.0,12,9-12,24,12.0,12,9-12,0 to 2 hrs per day,1,4 to 6 hrs per day,3,INCREASED,1
151,20/4,Male,2,First yr,2,0 to 2 hours per day,1,Watching videos for study,8,3,1,2,2,1,2,1,3,1,2,1,1,1,2,1,3,3,2,1,1,34,31-49 (mild level of Internet addiction),2,1.2,1,RARELY,1.8,2,OCCASIONALLY,2.0,2,OCCASIONALLY,1.0,1,RARELY,2.333333333,2,OCCASIONALLY,2.0,2,OCCASIONALLY,3,4,3,,2,4,3,2,2,4,4,4,2,3,4,3,3,4,3,2,3,2,1,3,4,4,4,3,3,81,76-100,4,23,13.14285714,13,13-16,15,10.0,10,9-12,6,8.0,8,4-8,30,15.0,15,13-16,2 to 4 hrs per day,2,0 to 2 hrs per day,1,DECREASED,2
152,20/40,Male,2,First yr,2,0 to 2 hours per day,1,Social media,2,1,2,2,2,1,1,1,1,2,2,2,1,2,1,2,2,2,2,3,1,33,31-49 (mild level of Internet addiction),2,2.0,2,OCCASIONALLY,1.4,1,RARELY,1.333333333,1,RARELY,1.5,2,OCCASIONALLY,1.666666667,2,OCCASIONALLY,2.0,2,OCCASIONALLY,3,3,3,,4,2,3,3,4,3,3,3,3,3,3,3,3,3,3,3,3,3,4,4,3,4,3,3,3,81,76-100,4,20,11.42857143,11,9-12,19,12.66666667,13,13-16,11,14.66666667,15,13-16,25,12.5,13,13-16,0 to 2 hrs per day,1,0 to 2 hrs per day,1,NO CHANGE,3
153,20/41,Male,2,First yr,2,4 to 6 hours per day,3,Streaming services/ Entertainment,8,2,3,0,1,3,4,2,4,2,3,2,2,3,1,3,2,4,2,3,4,50,50-79 (moderate level of Internet addiction),3,2.8,3,FREQUENTLY,2.4,2,OCCASIONALLY,3.333333333,3,FREQUENTLY,2.0,2,OCCASIONALLY,3.0,3,FREQUENTLY,0.5,1,RARELY,2,2,3,,4,2,2,2,2,4,4,3,3,4,4,5,4,5,3,2,2,4,1,3,5,4,4,4,2,81,76-100,4,22,12.57142857,13,13-16,13,8.666666667,9,9-12,8,10.66666667,11,9-12,34,17.0,17,17-20,0 to 2 hrs per day,1,4 to 6 hrs per day,3,INCREASED,1
154,20/42,Male,2,First yr,2,0 to 2 hours per day,1,Social media,2,2,1,1,0,2,3,3,2,1,2,2,1,1,2,1,4,5,0,1,1,35,31-49 (mild level of Internet addiction),2,1.2,1,RARELY,1.2,1,RARELY,2.0,2,OCCASIONALLY,2.5,3,FREQUENTLY,3.666666667,4,OFTEN,0.5,1,RARELY,3,3,3,,2,4,2,2,3,2,3,2,2,3,3,2,3,2,2,2,2,3,2,3,4,1,3,2,4,68,51-75,3,18,10.28571429,10,9-12,15,10.0,10,9-12,8,10.66666667,11,9-12,21,10.5,11,9-12,0 to 2 hrs per day,1,0 to 2 hrs per day,1,NO CHANGE,3
155,20/43,Male,2,First yr,2,4 to 6 hours per day,3,Information gathering for academic purposes,4,3,1,0,2,2,1,1,1,2,2,2,3,1,1,1,3,4,2,2,3,37,31-49 (mild level of Internet addiction),2,1.8,2,OCCASIONALLY,2.0,2,OCCASIONALLY,1.333333333,1,RARELY,1.5,2,OCCASIONALLY,3.0,3,FREQUENTLY,1.0,1,RARELY,3,4,4,,3,3,4,4,4,4,3,4,4,3,3,3,3,4,4,4,4,4,4,4,4,4,4,3,3,96,76-100,4,26,14.85714286,15,13-16,23,15.33333333,15,13-16,12,16.0,16,13-16,28,14.0,14,13-16,NO RESPONSE,6,NO RESPONSE,6,NO RESPONSE,4
156,20/44,Male,2,First yr,2,more than 8 hours per day,5,Online Gaming,6,4,3,4,4,5,5,3,3,4,5,3,5,2,4,3,4,3,4,2,2,72,50-79 (moderate level of Internet addiction),3,3.4,3,FREQUENTLY,3.4,3,FREQUENTLY,4.0,4,OFTEN,3.0,3,FREQUENTLY,4.0,4,OFTEN,4.0,4,OFTEN,4,4,3,,2,4,5,4,4,4,4,4,3,4,3,3,4,4,5,3,4,5,1,5,4,4,3,2,4,99,76-100,4,27,15.42857143,15,13-16,24,16.0,16,13-16,11,14.66666667,15,13-16,29,14.5,15,13-16,4 to 6 hrs per day,3,8 or more hrs per day,5,INCREASED,1
157,20/46,Male,2,First yr,2,more than 8 hours per day,5,Communication,7,4,3,4,1,3,5,0,2,3,2,4,3,3,4,2,4,2,1,4,2,56,50-79 (moderate level of Internet addiction),3,2.8,3,FREQUENTLY,2.8,3,FREQUENTLY,3.333333333,3,FREQUENTLY,2.0,2,OCCASIONALLY,3.0,3,FREQUENTLY,2.5,3,FREQUENTLY,3,3,5,,1,5,3,2,2,3,4,3,3,2,3,3,4,3,3,3,2,2,1,3,3,5,4,4,2,79,76-100,4,26,14.85714286,15,13-16,14,9.333333333,9,9-12,6,8.0,8,4-8,27,13.5,14,13-16,4 to 6 hrs per day,3,8 or more hrs per day,5,INCREASED,1
158,20/47,Male,2,First yr,2,2 to 4 hours per day,2,Browsing,5,3,3,0,2,2,2,0,3,2,4,2,2,1,2,1,3,2,2,0,0,36,31-49 (mild level of Internet addiction),2,1.6,2,OCCASIONALLY,2.0,2,OCCASIONALLY,2.333333333,2,OCCASIONALLY,1.0,1,RARELY,2.333333333,2,OCCASIONALLY,1.0,1,RARELY,4,3,2,,2,4,5,5,4,5,4,4,3,4,4,3,3,5,4,4,4,4,1,4,5,5,5,2,4,102,101-130,5,26,14.85714286,15,13-16,25,16.66666667,17,17-20,9,12.0,12,9-12,35,17.5,18,17-20,2 to 4 hrs per day,2,2 to 4 hrs per day,2,NO CHANGE,3
159,20/48,Male,2,First yr,2,4 to 6 hours per day,3,Social media,2,3,1,3,1,2,3,1,2,1,3,1,1,1,3,2,3,3,1,2,2,39,31-49 (mild level of Internet addiction),2,1.8,2,OCCASIONALLY,2.0,2,OCCASIONALLY,2.0,2,OCCASIONALLY,1.0,1,RARELY,2.666666667,3,FREQUENTLY,2.0,2,OCCASIONALLY,4,4,2,,1,5,3,4,4,5,4,3,3,1,2,3,3,3,4,4,4,3,4,4,4,4,4,4,2,90,76-100,4,24,13.71428571,14,13-16,20,13.33333333,13,13-16,11,14.66666667,15,13-16,27,13.5,14,13-16,6 to 8 hrs per day,4,8 or more hrs per day,5,INCREASED,1
160,20/49,Male,2,First yr,2,0 to 2 hours per day,1,Communication,7,1,0,3,1,4,1,1,1,2,0,3,3,3,1,1,2,1,2,1,1,32,31-49 (mild level of Internet addiction),2,1.6,2,OCCASIONALLY,1.0,1,RARELY,1.333333333,1,RARELY,2.0,2,OCCASIONALLY,2.333333333,2,OCCASIONALLY,2.0,2,OCCASIONALLY,1,2,4,,3,3,3,3,4,3,3,2,5,4,5,1,2,1,2,3,3,3,1,5,3,3,1,1,5,75,51-75,3,17,9.714285714,10,9-12,23,15.33333333,15,13-16,9,12.0,12,9-12,23,11.5,12,9-12,0 to 2 hrs per day,1,0 to 2 hrs per day,1,NO CHANGE,3
161,20/5,Male,2,First yr,2,4 to 6 hours per day,3,Online Gaming,6,5,3,0,1,2,5,0,0,5,3,1,1,2,1,1,5,1,4,0,2,42,31-49 (mild level of Internet addiction),2,1.4,1,RARELY,3.0,3,FREQUENTLY,3.333333333,3,FREQUENTLY,0.5,1,RARELY,2.666666667,3,FREQUENTLY,0.5,1,RARELY,3,2,5,,1,5,3,4,3,5,4,4,1,5,5,1,2,5,1,1,1,1,1,4,1,5,4,1,5,81,76-100,4,23,13.14285714,13,13-16,17,11.33333333,11,9-12,6,8.0,8,4-8,30,15.0,15,13-16,2 to 4 hrs per day,2,2 to 4 hrs per day,2,NO CHANGE,3
162,20/50,Male,2,First yr,2,2 to 4 hours per day,2,Online learning,1,3,3,3,3,3,3,1,2,2,2,2,3,3,3,3,3,3,3,3,3,54,50-79 (moderate level of Internet addiction),3,2.8,3,FREQUENTLY,3.0,3,FREQUENTLY,2.333333333,2,OCCASIONALLY,1.5,2,OCCASIONALLY,3.0,3,FREQUENTLY,3.0,3,FREQUENTLY,4,4,4,,2,4,4,4,3,4,4,4,4,3,3,3,3,3,3,4,4,4,3,4,3,3,3,3,3,92,76-100,4,25,14.28571429,14,13-16,22,14.66666667,15,13-16,11,14.66666667,15,13-16,26,13.0,13,13-16,2 to 4 hrs per day,2,2 to 4 hrs per day,2,NO CHANGE,3
163,20/53,Male,2,First yr,2,4 to 6 hours per day,3,Social media,2,0,0,0,5,5,1,5,1,0,0,5,5,0,5,0,5,5,0,5,5,52,50-79 (moderate level of Internet addiction),3,2.0,2,OCCASIONALLY,2.0,2,OCCASIONALLY,0.6666666667,1,RARELY,5.0,5,ALWAYS,5.0,5,ALWAYS,2.5,3,FREQUENTLY,5,3,4,,2,4,5,4,5,5,5,5,5,5,5,5,5,5,5,5,5,5,5,5,5,5,5,1,5,125,101-130,5,33,18.85714286,19,17-20,29,19.33333333,19,17-20,15,20.0,20,17-20,40,20.0,20,17-20,2 to 4 hrs per day,2,4 to 6 hrs per day,3,INCREASED,1
164,20/54,Male,2,First yr,2,0 to 2 hours per day,1,Online learning,1,3,3,2,1,4,1,4,2,4,4,3,2,1,4,1,4,1,4,3,2,53,50-79 (moderate level of Internet addiction),3,2.2,2,OCCASIONALLY,3.2,3,FREQUENTLY,2.333333333,2,OCCASIONALLY,3.5,4,OFTEN,3.0,3,FREQUENTLY,1.5,2,OCCASIONALLY,2,4,4,,4,2,2,3,3,2,4,2,3,3,4,2,3,3,3,4,3,2,4,3,2,4,4,3,3,78,76-100,4,21,12.0,12,9-12,17,11.33333333,11,9-12,9,12.0,12,9-12,25,12.5,13,13-16,4 to 6 hrs per day,3,2 to 4 hrs per day,2,DECREASED,2
165,20/58,Male,2,First yr,2,2 to 4 hours per day,2,Social media,2,3,2,3,2,4,3,2,2,3,3,3,3,3,3,3,3,3,3,3,3,57,50-79 (moderate level of Internet addiction),3,3.0,3,FREQUENTLY,2.8,3,FREQUENTLY,2.666666667,3,FREQUENTLY,2.5,3,FREQUENTLY,3.333333333,3,FREQUENTLY,2.5,3,FREQUENTLY,5,3,3,,3,3,3,3,3,3,3,3,3,3,3,3,3,3,3,3,3,3,3,3,3,3,3,3,3,80,76-100,4,21,12.0,12,9-12,18,12.0,12,9-12,9,12.0,12,9-12,24,12.0,12,9-12,0 to 2 hrs per day,1,4 to 6 hrs per day,3,INCREASED,1
166,20/59,Male,2,First yr,2,0 to 2 hours per day,1,Social media,2,2,1,0,0,0,0,3,1,0,2,2,3,1,3,0,2,0,1,1,1,23,0-30 (normal level of Internet usage),1,1.4,1,RARELY,1.6,2,OCCASIONALLY,0.3333333333,0,,2.5,3,FREQUENTLY,0.6666666667,1,RARELY,0.0,0,,3,2,4,,2,4,4,4,3,4,3,3,3,3,3,3,3,2,3,3,4,4,5,5,2,3,3,2,4,87,76-100,4,22,12.57142857,13,13-16,22,14.66666667,15,13-16,14,18.66666667,19,17-20,24,12.0,12,9-12,2 to 4 hrs per day,2,2 to 4 hrs per day,2,NO CHANGE,3
167,20/60,Male,2,First yr,2,more than 8 hours per day,5,Information gathering for academic purposes,4,2,1,0,0,3,2,1,4,5,4,1,1,5,5,1,5,4,3,1,1,49,31-49 (mild level of Internet addiction),2,2.4,2,OCCASIONALLY,2.4,2,OCCASIONALLY,3.666666667,4,OFTEN,1.0,1,RARELY,4.0,4,OFTEN,0.0,0,,1,3,4,,1,5,4,2,2,4,3,1,1,1,5,3,3,3,3,1,5,2,4,2,5,1,3,2,4,75,51-75,3,20,11.42857143,11,9-12,18,12.0,12,9-12,8,10.66666667,11,9-12,25,12.5,13,13-16,8 or more hrs per day,5,8 or more hrs per day,5,NO CHANGE,3
168,20/61,Male,2,First yr,2,4 to 6 hours per day,3,Information gathering for academic purposes,4,3,4,2,4,2,1,2,4,5,2,0,1,3,2,1,3,5,2,3,2,51,50-79 (moderate level of Internet addiction),3,2.0,2,OCCASIONALLY,2.6,3,FREQUENTLY,3.333333333,3,FREQUENTLY,1.0,1,RARELY,3.333333333,3,FREQUENTLY,3.0,3,FREQUENTLY,4,2,2,,4,2,2,2,4,2,4,2,5,1,4,3,4,2,4,2,4,2,4,2,4,2,4,2,4,77,76-100,4,18,10.28571429,10,9-12,21,14.0,14,13-16,8,10.66666667,11,9-12,24,12.0,12,9-12,2 to 4 hrs per day,2,4 to 6 hrs per day,3,INCREASED,1
169,20/63,Male,2,First yr,2,more than 8 hours per day,5,Social media,2,5,3,1,3,3,5,0,3,2,3,5,3,2,4,2,4,4,5,4,3,64,50-79 (moderate level of Internet addiction),3,2.8,3,FREQUENTLY,4.0,4,OFTEN,3.333333333,3,FREQUENTLY,2.5,3,FREQUENTLY,3.666666667,4,OFTEN,2.0,2,OCCASIONALLY,3,2,3,,1,5,3,4,3,3,3,1,4,1,2,3,3,1,3,3,3,4,5,3,4,5,3,4,2,79,76-100,4,19,10.85714286,11,9-12,19,12.66666667,13,13-16,12,16.0,16,13-16,24,12.0,12,9-12,6 to 8 hrs per day,4,6 to 8 hrs per day,4,NO CHANGE,3
170,20/66,Male,2,First yr,2,0 to 2 hours per day,1,Social media,2,2,1,2,1,3,4,0,4,3,3,3,4,4,4,4,2,4,4,3,2,57,50-79 (moderate level of Internet addiction),3,3.6,4,OFTEN,2.6,3,FREQUENTLY,3.666666667,4,OFTEN,1.5,2,OCCASIONALLY,3.0,3,FREQUENTLY,1.5,2,OCCASIONALLY,3,1,3,,2,4,3,5,3,3,2,3,4,4,4,4,3,4,3,3,2,2,1,4,4,4,3,4,2,81,76-100,4,23,13.14285714,13,13-16,19,12.66666667,13,13-16,7,9.333333333,9,9-12,28,14.0,14,13-16,NO RESPONSE,6,NO RESPONSE,6,NO RESPONSE,4
171,20/67,Male,2,First yr,2,2 to 4 hours per day,2,Social media,2,5,4,3,1,1,1,3,3,1,4,2,3,2,3,3,3,3,2,1,4,52,50-79 (moderate level of Internet addiction),3,2.6,3,FREQUENTLY,3.6,4,OFTEN,1.666666667,2,OCCASIONALLY,2.5,3,FREQUENTLY,2.333333333,2,OCCASIONALLY,2.0,2,OCCASIONALLY,4,4,3,,3,3,4,3,4,3,3,3,3,2,3,3,4,3,4,3,4,3,4,3,4,3,3,3,3,86,76-100,4,23,13.14285714,13,13-16,21,14.0,14,13-16,10,13.33333333,13,13-16,24,12.0,12,9-12,6 to 8 hrs per day,4,4 to 6 hrs per day,3,DECREASED,2
172,20/68,Male,2,First yr,2,2 to 4 hours per day,2,Browsing,5,2,2,0,1,4,2,2,2,2,1,0,1,1,4,1,2,1,1,4,0,33,31-49 (mild level of Internet addiction),2,1.6,2,OCCASIONALLY,1.8,2,OCCASIONALLY,2.0,2,OCCASIONALLY,1.0,1,RARELY,2.333333333,2,OCCASIONALLY,0.5,1,RARELY,3,4,5,,1,5,4,5,3,5,3,2,5,1,5,3,4,1,1,1,1,4,1,5,1,3,3,1,5,83,76-100,4,19,10.85714286,11,9-12,23,15.33333333,15,13-16,10,13.33333333,13,13-16,24,12.0,12,9-12,2 to 4 hrs per day,2,2 to 4 hrs per day,2,NO CHANGE,3
173,20/69,Male,2,First yr,2,0 to 2 hours per day,1,Social media,2,3,2,2,1,2,2,2,2,2,3,3,5,1,2,1,2,1,3,1,4,44,31-49 (mild level of Internet addiction),2,2.2,2,OCCASIONALLY,2.8,3,FREQUENTLY,2.0,2,OCCASIONALLY,2.5,3,FREQUENTLY,1.666666667,2,OCCASIONALLY,1.5,2,OCCASIONALLY,4,3,4,,2,4,5,5,4,4,4,4,5,2,4,3,4,1,4,3,3,4,1,5,5,4,4,5,1,94,76-100,4,24,13.71428571,14,13-16,23,15.33333333,15,13-16,10,13.33333333,13,13-16,30,15.0,15,13-16,4 to 6 hrs per day,3,8 or more hrs per day,5,INCREASED,1
174,20/7,Male,2,First yr,2,0 to 2 hours per day,1,Social media,2,2,1,5,0,3,3,1,2,4,3,3,0,1,5,1,4,1,5,2,3,49,31-49 (mild level of Internet addiction),2,1.4,1,RARELY,3.2,3,FREQUENTLY,3.0,3,FREQUENTLY,2.0,2,OCCASIONALLY,2.666666667,3,FREQUENTLY,2.5,3,FREQUENTLY,1,1,1,,5,1,1,1,2,2,1,1,2,1,3,1,1,1,1,1,1,5,1,4,1,1,3,3,3,42,26-50,2,7,4.0,4,4-8,10,6.666666667,7,4-8,10,13.33333333,13,13-16,13,6.5,7,4-8,0 to 2 hrs per day,1,2 to 4 hrs per day,2,INCREASED,1
175,20/73,Male,2,First yr,2,0 to 2 hours per day,1,Communication,7,1,1,0,0,1,5,5,5,5,5,3,5,5,5,5,5,5,5,2,2,70,50-79 (moderate level of Internet addiction),3,4.4,4,OFTEN,2.8,3,FREQUENTLY,5.0,5,ALWAYS,4.0,4,OFTEN,3.666666667,4,OFTEN,0.0,0,,3,2,1,,3,3,3,1,1,2,3,1,1,1,2,1,1,1,1,5,1,4,1,5,3,3,1,4,2,53,51-75,3,13,7.428571429,7,4-8,9,6.0,6,4-8,10,13.33333333,13,13-16,16,8.0,8,4-8,0 to 2 hrs per day,1,0 to 2 hrs per day,1,NO CHANGE,3
176,20/74,Male,2,First yr,2,4 to 6 hours per day,3,Social media,2,2,1,1,2,1,2,2,2,2,3,3,3,2,1,2,2,3,2,1,2,39,31-49 (mild level of Internet addiction),2,2.2,2,OCCASIONALLY,1.6,2,OCCASIONALLY,2.0,2,OCCASIONALLY,2.5,3,FREQUENTLY,2.0,2,OCCASIONALLY,1.5,2,OCCASIONALLY,2,1,3,,5,1,2,3,1,3,2,1,1,3,3,3,3,3,2,2,2,1,2,3,3,3,3,3,3,59,51-75,3,15,8.571428571,9,9-12,12,8.0,8,4-8,6,8.0,8,4-8,23,11.5,12,9-12,2 to 4 hrs per day,2,4 to 6 hrs per day,3,INCREASED,1
177,20/75,Male,2,First yr,2,2 to 4 hours per day,2,Online learning,1,2,1,0,1,1,0,1,1,1,1,1,2,0,1,1,2,2,2,5,1,26,0-30 (normal level of Internet usage),1,1.8,2,OCCASIONALLY,1.4,1,RARELY,0.6666666667,1,RARELY,1.0,1,RARELY,1.666666667,2,OCCASIONALLY,0.5,1,RARELY,4,4,3,,2,4,3,3,3,3,4,2,2,3,2,3,2,2,3,3,2,2,3,3,3,2,3,3,3,74,51-75,3,19,10.85714286,11,9-12,16,10.66666667,11,9-12,8,10.66666667,11,9-12,23,11.5,12,9-12,2 to 4 hrs per day,2,2 to 4 hrs per day,2,NO CHANGE,3
178,20/79,Male,2,First yr,2,4 to 6 hours per day,3,Social media,2,4,4,2,2,2,2,3,2,2,2,2,5,4,1,0,2,1,2,2,2,46,31-49 (mild level of Internet addiction),2,2.6,3,FREQUENTLY,2.6,3,FREQUENTLY,2.0,2,OCCASIONALLY,2.5,3,FREQUENTLY,1.666666667,2,OCCASIONALLY,2.0,2,OCCASIONALLY,1,3,4,,3,3,3,4,3,3,3,3,1,1,2,2,3,3,1,2,1,2,1,3,1,2,1,3,3,59,51-75,3,19,10.85714286,11,9-12,15,10.0,10,9-12,6,8.0,8,4-8,15,7.5,8,4-8,0 to 2 hrs per day,1,6 to 8 hrs per day,4,INCREASED,1
179,20/81,Male,2,First yr,2,2 to 4 hours per day,2,Social media,2,1,2,0,1,5,2,1,2,0,1,0,1,1,4,1,5,4,1,4,0,36,31-49 (mild level of Internet addiction),2,1.6,2,OCCASIONALLY,1.6,2,OCCASIONALLY,1.333333333,1,RARELY,0.5,1,RARELY,4.666666667,5,ALWAYS,0.5,1,RARELY,3,3,5,,1,5,3,5,2,5,4,2,5,1,5,3,3,1,1,1,1,1,1,4,1,3,3,3,3,74,51-75,3,18,10.28571429,10,9-12,19,12.66666667,13,13-16,6,8.0,8,4-8,25,12.5,13,13-16,0 to 2 hrs per day,1,2 to 4 hrs per day,2,INCREASED,1
180,20/82,Male,2,First yr,2,0 to 2 hours per day,1,Browsing,5,2,3,0,0,0,0,3,2,2,1,0,4,0,2,3,1,2,1,2,1,29,0-30 (normal level of Internet usage),1,2.0,2,OCCASIONALLY,1.8,2,OCCASIONALLY,1.333333333,1,RARELY,1.5,2,OCCASIONALLY,1.0,1,RARELY,0.0,0,,1,2,4,,1,5,3,5,4,5,4,3,2,4,2,4,1,4,2,2,2,1,1,5,5,5,3,2,4,83,76-100,4,21,12.0,12,9-12,20,13.33333333,13,13-16,7,9.333333333,9,9-12,32,16.0,16,13-16,2 to 4 hrs per day,2,8 or more hrs per day,5,INCREASED,1
181,20/83,Male,2,First yr,2,6 to 8 hours per day,4,Social media,2,3,2,3,1,0,1,0,0,3,2,1,4,2,5,2,4,3,1,1,1,39,31-49 (mild level of Internet addiction),2,2.2,2,OCCASIONALLY,2.4,2,OCCASIONALLY,1.333333333,1,RARELY,0.5,1,RARELY,2.333333333,2,OCCASIONALLY,2.0,2,OCCASIONALLY,5,4,3,,1,5,4,5,4,5,4,5,4,5,5,3,3,1,5,4,4,2,2,3,4,5,4,2,4,102,101-130,5,26,14.85714286,15,13-16,25,16.66666667,17,17-20,7,9.333333333,9,9-12,35,17.5,18,17-20,2 to 4 hrs per day,2,6 to 8 hrs per day,4,INCREASED,1
182,20/85,Male,2,First yr,2,4 to 6 hours per day,3,Information gathering for academic purposes,4,2,3,1,0,1,0,1,2,1,2,3,5,2,2,2,4,3,0,1,1,36,31-49 (mild level of Internet addiction),2,2.4,2,OCCASIONALLY,1.6,2,OCCASIONALLY,1.0,1,RARELY,2.0,2,OCCASIONALLY,2.666666667,3,FREQUENTLY,0.5,1,RARELY,3,3,3,,1,5,4,3,2,4,3,4,2,1,3,3,3,2,3,3,3,3,3,3,2,3,2,3,3,76,76-100,4,23,13.14285714,13,13-16,17,11.33333333,11,9-12,9,12.0,12,9-12,21,10.5,11,9-12,2 to 4 hrs per day,2,4 to 6 hrs per day,3,INCREASED,1
183,20/86,Male,2,First yr,2,2 to 4 hours per day,2,Social media,2,4,2,2,3,2,4,1,4,2,2,1,2,3,1,2,2,2,1,5,3,48,31-49 (mild level of Internet addiction),2,2.8,3,FREQUENTLY,2.2,2,OCCASIONALLY,3.333333333,3,FREQUENTLY,1.0,1,RARELY,2.0,2,OCCASIONALLY,2.5,3,FREQUENTLY,4,3,2,,3,3,4,3,3,4,3,1,4,4,3,4,4,2,4,2,4,2,4,2,2,2,3,4,2,78,76-100,4,18,10.28571429,10,9-12,20,13.33333333,13,13-16,8,10.66666667,11,9-12,25,12.5,13,13-16,6 to 8 hrs per day,4,4 to 6 hrs per day,3,DECREASED,2
184,20/88,Male,2,First yr,2,2 to 4 hours per day,2,Social media,2,3,3,0,3,2,3,0,2,1,2,1,1,2,1,0,2,3,2,1,1,33,31-49 (mild level of Internet addiction),2,1.2,1,RARELY,2.0,2,OCCASIONALLY,2.0,2,OCCASIONALLY,0.5,1,RARELY,2.333333333,2,OCCASIONALLY,1.5,2,OCCASIONALLY,4,3,4,,1,5,4,4,3,4,4,5,2,1,2,2,2,2,4,3,3,2,1,2,2,2,3,2,4,77,76-100,4,25,14.28571429,14,13-16,20,13.33333333,13,13-16,5,6.666666667,7,4-8,20,10.0,10,9-12,0 to 2 hrs per day,1,2 to 4 hrs per day,2,INCREASED,1
185,20/9,Male,2,First yr,2,6 to 8 hours per day,4,Online learning,1,4,4,2,0,4,3,1,5,2,3,3,2,1,3,2,4,5,4,4,3,59,50-79 (moderate level of Internet addiction),3,2.4,2,OCCASIONALLY,3.6,4,OFTEN,3.333333333,3,FREQUENTLY,2.0,2,OCCASIONALLY,4.333333333,4,OFTEN,1.0,1,RARELY,2,2,4,,1,5,1,2,1,5,2,4,3,5,3,3,3,4,4,4,4,3,2,4,4,4,4,4,2,84,76-100,4,28,16.0,16,13-16,13,8.666666667,9,9-12,9,12.0,12,9-12,30,15.0,15,13-16,6 to 8 hrs per day,4,6 to 8 hrs per day,4,NO CHANGE,3
186,20/90,Male,2,First yr,2,4 to 6 hours per day,3,Social media,2,3,3,0,0,3,2,1,3,2,3,4,5,4,4,2,5,2,2,3,3,54,50-79 (moderate level of Internet addiction),3,3.4,3,FREQUENTLY,3.0,3,FREQUENTLY,2.333333333,2,OCCASIONALLY,2.5,3,FREQUENTLY,3.333333333,3,FREQUENTLY,0.0,0,,4,3,3,,1,5,4,4,3,3,3,4,4,5,4,3,3,4,4,4,4,1,1,4,4,4,4,5,1,90,76-100,4,27,15.42857143,15,13-16,20,13.33333333,13,13-16,6,8.0,8,4-8,30,15.0,15,13-16,6 to 8 hrs per day,4,4 to 6 hrs per day,3,DECREASED,2
187,20/92,Male,2,First yr,2,2 to 4 hours per day,2,Social media,2,3,5,5,5,5,5,5,5,5,5,5,5,5,5,5,5,5,5,5,5,98,80-100 (severe dependence upon the Internet),4,5.0,5,ALWAYS,4.6,5,ALWAYS,5.0,5,ALWAYS,5.0,5,ALWAYS,5.0,5,ALWAYS,5.0,5,ALWAYS,5,3,3,,3,3,3,4,2,3,4,3,4,2,4,3,4,3,5,4,4,3,4,3,4,4,3,4,2,89,76-100,4,25,14.28571429,14,13-16,19,12.66666667,13,13-16,10,13.33333333,13,13-16,27,13.5,14,13-16,NO RESPONSE,6,NO RESPONSE,6,NO RESPONSE,4
188,20/93,Male,2,First yr,2,more than 8 hours per day,5,Social media,2,3,2,2,2,2,5,0,4,4,2,3,4,4,4,4,5,4,4,4,5,67,50-79 (moderate level of Internet addiction),3,3.6,4,OFTEN,3.6,4,OFTEN,4.333333333,4,OFTEN,1.5,2,OCCASIONALLY,3.666666667,4,OFTEN,2.0,2,OCCASIONALLY,3,3,3,,1,5,2,3,2,2,2,3,4,3,3,3,2,1,2,3,4,4,4,2,3,4,4,5,1,75,51-75,3,19,10.85714286,11,9-12,16,10.66666667,11,9-12,10,13.33333333,13,13-16,24,12.0,12,9-12,6 to 8 hrs per day,4,8 or more hrs per day,5,INCREASED,1
189,20/94,Male,2,First yr,2,4 to 6 hours per day,3,Social media,2,3,2,0,1,3,0,1,1,4,1,2,2,2,1,1,4,4,3,2,1,38,31-49 (mild level of Internet addiction),2,1.6,2,OCCASIONALLY,2.0,2,OCCASIONALLY,1.666666667,2,OCCASIONALLY,1.5,2,OCCASIONALLY,3.666666667,4,OFTEN,0.5,1,RARELY,4,5,5,,2,4,4,4,4,5,5,3,3,5,4,4,2,2,3,4,4,2,1,4,4,5,4,4,2,96,76-100,4,23,13.14285714,13,13-16,21,14.0,14,13-16,7,9.333333333,9,9-12,36,18.0,18,17-20,6 to 8 hrs per day,4,6 to 8 hrs per day,4,NO CHANGE,3
190,20/96,Male,2,First yr,2,4 to 6 hours per day,3,Browsing,5,2,4,3,0,1,4,4,4,1,4,4,3,3,3,4,0,3,4,3,0,54,50-79 (moderate level of Internet addiction),3,3.4,3,FREQUENTLY,2.6,3,FREQUENTLY,3.0,3,FREQUENTLY,4.0,4,OFTEN,1.333333333,1,RARELY,1.5,2,OCCASIONALLY,2,2,4,,1,5,2,2,2,1,5,4,4,2,2,4,2,2,2,3,3,1,1,2,2,4,3,4,2,68,51-75,3,22,12.57142857,13,13-16,15,10.0,10,9-12,4,5.333333333,5,4-8,23,11.5,12,9-12,6 to 8 hrs per day,4,4 to 6 hrs per day,3,DECREASED,2
191,20/97,Male,2,First yr,2,2 to 4 hours per day,2,Social media,2,1,2,1,2,1,1,0,3,1,3,1,2,1,2,1,1,2,2,1,1,29,0-30 (normal level of Internet usage),1,1.6,2,OCCASIONALLY,1.6,2,OCCASIONALLY,1.666666667,2,OCCASIONALLY,0.5,1,RARELY,1.333333333,1,RARELY,1.5,2,OCCASIONALLY,5,4,1,,5,1,5,5,5,5,5,5,5,5,5,5,5,5,5,5,5,5,5,5,5,5,5,5,1,117,101-130,5,27,15.42857143,15,13-16,26,17.33333333,17,17-20,15,20.0,20,17-20,40,20.0,20,17-20,0 to 2 hrs per day,1,0 to 2 hrs per day,1,NO CHANGE,3
192,20/98,Male,2,First yr,2,2 to 4 hours per day,2,Social media,2,5,3,5,4,5,4,5,5,3,3,5,1,0,5,5,5,5,1,1,4,74,50-79 (moderate level of Internet addiction),3,2.0,2,OCCASIONALLY,3.6,4,OFTEN,4.0,4,OFTEN,5.0,5,ALWAYS,5.0,5,ALWAYS,4.5,5,ALWAYS,3,3,3,,1,5,4,3,2,3,4,1,1,1,3,1,2,1,4,5,3,5,5,5,3,4,3,5,1,78,76-100,4,21,12.0,12,9-12,14,9.333333333,9,9-12,15,20.0,20,17-20,22,11.0,11,9-12,0 to 2 hrs per day,1,8 or more hrs per day,5,INCREASED,1
193,20/99,Male,2,First yr,2,4 to 6 hours per day,3,Social media,2,2,1,1,2,5,3,0,1,3,5,5,1,5,5,3,1,2,2,1,1,49,31-49 (mild level of Internet addiction),2,3.0,3,FREQUENTLY,2.2,2,OCCASIONALLY,2.333333333,2,OCCASIONALLY,2.5,3,FREQUENTLY,2.666666667,3,FREQUENTLY,1.5,2,OCCASIONALLY,3,4,2,,1,5,4,4,5,3,4,3,3,4,3,3,2,3,4,4,3,2,2,4,3,4,4,2,4,89,76-100,4,23,13.14285714,13,13-16,23,15.33333333,15,13-16,8,10.66666667,11,9-12,28,14.0,14,13-16,2 to 4 hrs per day,2,2 to 4 hrs per day,2,NO CHANGE,3
